Market,Arrival Year,Arrival Month,Arrivals (Tonnes),Variety,Minimum Price(Rs./Quintal),Maximum Price(Rs./Quintal),Modal Price(Rs./Quintal)
Abohar,2019,December,52.54,Potato,340,1619,1185
Abohar,2019,December,37.24,Potato,539,1431,1420
Abohar,2019,December,53.34,Potato,552,2750,846
Abohar,2019,December,27.5,Potato,1096,1576,1341
Abohar,2019,December,52.57,Potato,415,1692,1574
Abohar,2019,December,37.8,Potato,285,1681,1513
Abohar,2019,December,42.25,Potato,393,1683,1661
Abohar,2019,December,23.3,Potato,,,1690
Abohar,2019,December,49.67,Potato,1600,1825,1670
Abohar,2019,December,39.05,Potato,1600,1856,1770
Abohar,2019,December,20.43,Potato,1600,2251,2215
Abohar,2019,December,19.33,Potato,1232,2319,2084
Abohar,2019,December,61.97,Potato,1952,2312,2202
Abohar,2019,December,32.87,Potato,1846,2218,2053
Abohar,2019,December,26.64,,,,
Abohar,2019,December,37.65,,,,
Abohar,2019,December,37.65,Potato,1530,1900,1878
Abohar,2019,December,47.06,Potato,1650,2021,1898
Abohar,2019,December,43.44,Potato,1255,1460,1351
Abohar,2019,December,57.19,Potato,1288,1630,1355
Abohar,2019,December,58.46,Potato,1081,1471,1355
Abohar,2019,December,54.48,Potato,1232,1482,1350
Abohar,2019,December,51.27,Potato,1308,1483,1391
Abohar,2019,December,54.75,Potato,1292,1455,1375
Adampur,2019,December,2.6,Other,700,900,900
Adampur,2019,December,2,Other,700,900,900
Adampur,2019,December,2.8,Other,700,900,900
Adampur,2019,December,2.1,Other,700,900,900
Adampur,2019,December,2.2,Other,700,900,900
Adampur,2019,December,2.1,Other,700,900,900
Adampur,2019,December,2.1,Other,700,900,900
Adampur,2019,December,2.2,Other,700,900,900
Adampur,2019,December,2.2,Other,700,900,900
Adampur,2019,December,1.2,Other,700,900,900
Adampur,2019,December,1,Other,700,900,900
Adampur,2019,December,1.6,Other,800,1000,1000
Adampur,2019,December,2,Other,800,1000,1000
Adampur,2019,December,2.7,Other,600,800,800
Adampur,2019,December,3.4,Other,600,800,800
Adampur,2019,December,2.1,Other,1200,1600,1600
Adampur,2019,December,2,Other,1200,1600,1600
Adampur,2019,December,2.3,Other,1200,1600,1600
Adampur,2019,December,2.3,Other,1200,1600,1600
Adampur,2019,December,3.1,Other,1200,1600,1600
Adampur,2019,December,2.2,Other,800,1000,1000
Adampur,2019,December,2.1,Other,1200,1600,1600
Adampur,2019,December,2.1,Other,1200,1600,1600
Adampur,2019,December,4.1,Other,1200,1600,1600
Ajnala,2019,December,1,Jalander,1200,1400,1300
Ajnala,2019,December,1,Jalander,1200,1400,1300
Ajnala,2019,December,0.9,Jalander,1200,1400,1300
Ajnala,2019,December,0.9,Jalander,1000,1200,1100
Ajnala,2019,December,1.35,Jalander,1000,1200,1100
Ajnala,2019,December,1.05,Jalander,900,1100,1000
Ajnala,2019,December,1.5,Jalander,800,1000,900
Ajnala,2019,December,1.05,Jalander,1000,1200,1100
Ajnala,2019,December,1.1,Jalander,700,900,800
Ajnala,2019,December,1.05,Jalander,700,900,800
Ajnala,2019,December,1.1,Jalander,800,1000,900
Ajnala,2019,December,0.75,Jalander,800,1000,900
Ajnala,2019,December,1.1,Jalander,700,900,800
Ajnala,2019,December,1.1,Jalander,800,1000,900
Ajnala,2019,December,0.94,Jalander,700,900,800
Ajnala,2019,December,0.95,Jalander,700,900,800
Ajnala,2019,December,0.6,Jalander,800,1000,900
Ajnala,2019,December,0.8,Jalander,1700,1900,1800
Ajnala,2019,December,1.1,Jalander,1200,1400,1300
Ajnala,2019,December,1,Jalander,1400,1600,1500
Ajnala,2019,December,1.4,Jalander,1200,1400,1300
Ajnala,2019,December,1.05,Jalander,1000,1200,1200
Ajnala,2019,December,1.1,Jalander,800,1000,900
Ajnala,2019,December,2,Jalander,900,1000,1000
Ajnala,2019,December,3,Jalander,500,600,600
Ajnala,2019,December,1.7,Jalander,400,600,500
Ajnala,2019,December,1.8,Jalander,400,600,500
Ajnala,2019,December,2.15,Jalander,400,600,500
Ajnala,2019,December,2.2,Jalander,500,700,600
Ajnala,2019,December,3,Jalander,600,800,700
Amritsar(Amritsar Mewa Mandi),2019,December,108.5,Potato,400,1300,800
Amritsar(Amritsar Mewa Mandi),2019,December,157.3,Potato,400,1300,800
Amritsar(Amritsar Mewa Mandi),2019,December,74.8,Potato,350,1200,850
Amritsar(Amritsar Mewa Mandi),2019,December,84,Potato,300,1300,800
Amritsar(Amritsar Mewa Mandi),2019,December,134.6,Potato,300,1400,900
Amritsar(Amritsar Mewa Mandi),2019,December,100.3,Potato,400,1400,900
Amritsar(Amritsar Mewa Mandi),2019,December,128,Potato,400,1400,900
Amritsar(Amritsar Mewa Mandi),2019,December,119,Potato,400,1560,900
Amritsar(Amritsar Mewa Mandi),2019,December,77.6,Potato,350,1500,950
Amritsar(Amritsar Mewa Mandi),2019,December,88.5,Potato,400,1500,1100
Amritsar(Amritsar Mewa Mandi),2019,December,70.5,Potato,600,1700,1100
Amritsar(Amritsar Mewa Mandi),2019,December,37.5,Potato,400,1620,800
Amritsar(Amritsar Mewa Mandi),2019,December,28.5,Potato,430,1000,700
Amritsar(Amritsar Mewa Mandi),2019,December,116.3,Potato,500,1500,1000
Amritsar(Amritsar Mewa Mandi),2019,December,191.7,Potato,550,1960,1280
Amritsar(Amritsar Mewa Mandi),2019,December,175.2,Potato,600,1350,1000
Amritsar(Amritsar Mewa Mandi),2019,December,152,Potato,500,1500,1000
Amritsar(Amritsar Mewa Mandi),2019,December,170.5,Potato,500,1500,900
Amritsar(Amritsar Mewa Mandi),2019,December,184.3,Potato,550,1450,1100
Amritsar(Amritsar Mewa Mandi),2019,December,85,Potato,500,1200,900
Amritsar(Amritsar Mewa Mandi),2019,December,186.9,Potato,450,1000,900
Amritsar(Amritsar Mewa Mandi),2019,December,164.6,Potato,600,1200,900
Amritsar(Amritsar Mewa Mandi),2019,December,145,Potato,500,1100,800
Amritsar(Amritsar Mewa Mandi),2019,December,217.2,Potato,600,1150,950
Amritsar(Amritsar Mewa Mandi),2019,December,142.6,Potato,550,1100,800
Amritsar(Amritsar Mewa Mandi),2019,December,326.3,Potato,500,1100,900
Baghapurana,2019,December,0.8,Local,350,400,380
Baghapurana,2019,December,0.6,Local,350,400,380
Baghapurana,2019,December,0.8,Local,350,400,380
Baghapurana,2019,December,0.7,Local,350,400,380
Baghapurana,2019,December,0.8,Local,350,400,380
Baghapurana,2019,December,0.5,Local,350,400,380
Baghapurana,2019,December,0.6,Local,400,500,450
Baghapurana,2019,December,0.8,Local,400,500,450
Baghapurana,2019,December,0.8,Local,400,500,450
Baghapurana,2019,December,0.8,Local,400,500,450
Baghapurana,2019,December,0.8,Local,400,500,450
Baghapurana,2019,December,0.8,,,,
Baghapurana,2019,December,0.6,,,,
Baghapurana,2019,December,0.7,,,,
Baghapurana,2019,December,0.8,,,,
Baghapurana,2019,December,0.8,,,,
Baghapurana,2019,December,0.7,,,,
Baghapurana,2019,December,0.5,,,,
Baghapurana,2019,December,0.5,Local,600,650,620
Baghapurana,2019,December,0.5,Local,600,650,620
Baghapurana,2019,December,0.7,Local,600,650,620
Baghapurana,2019,December,0.8,Local,600,650,620
Baghapurana,2019,December,0.6,Local,600,650,620
Baghapurana,2019,December,0.6,Local,600,650,620
Baghapurana,2019,December,0.7,Local,600,650,620
Balachaur,2019,December,3.2,Other,800,1000,900
Balachaur,2019,December,3.8,Other,800,1000,900
Balachaur,2019,December,3.7,Other,900,1100,1000
Balachaur,2019,December,5.1,Other,1000,1200,1100
Balachaur,2019,December,4,Other,1500,1800,1600
Balachaur,2019,December,4.7,Other,1500,1500,1500
Balachaur,2019,December,4.6,Other,1400,1600,1500
Balachaur,2019,December,6.6,Other,1400,1600,1500
Balachaur,2019,December,4.9,Other,1800,2000,1900
Balachaur,2019,December,4.7,Other,1900,2000,1950
Balachaur,2019,December,2.9,Other,1800,2000,1900
Balachaur,2019,December,4.3,Other,1500,1800,1600
Balachaur,2019,December,4.8,Other,700,800,750
Balachaur,2019,December,4.6,Other,700,800,750
Banga,2019,December,12.3,Other,759,1469,1200
Banga,2019,December,7.5,Other,827,1136,1100
Banga,2019,December,190.4,Other,916,1239,1168
Banga,2019,December,21.5,Other,800,1514,1000
Banga,2019,December,12.1,Other,600,1521,1200
Banga,2019,December,90.1,Other,1200,1561,1400
Banga,2019,December,11,Other,1100,1577,1400
Banga,2019,December,8.2,Other,1000,1800,1766
Banga,2019,December,10.7,Other,816,1843,1700
Banga,2019,December,7,Other,1600,1700,1650
Banga,2019,December,14,Other,1000,1972,1600
Banga,2019,December,8.8,Other,900,1876,1800
Banga,2019,December,4.3,Other,1829,1919,1900
Banga,2019,December,9.4,Other,1740,1819,1800
Banga,2019,December,3.7,Other,1000,1220,1100
Banga,2019,December,12.4,Other,1300,1585,1350
Banga,2019,December,14.1,Other,1000,1485,1332
Banga,2019,December,9.8,Other,1000,1416,1229
Banga,2019,December,10.9,Other,1060,1340,1225
Banga,2019,December,13.8,Other,1000,1415,1200
Banga,2019,December,10.6,Other,1000,1506,1200
Banga,2019,December,12.2,Other,1100,1799,1200
Banga,2019,December,12.2,Other,1100,1799,1366
Banur,2019,December,0.2,Other,1000,1500,1500
Banur,2019,December,0.2,Other,1000,1500,1500
Banur,2019,December,0.2,Other,1000,1500,1500
Banur,2019,December,0.2,Other,1000,1200,1200
Banur,2019,December,0.2,Other,1000,1500,1500
Banur,2019,December,0.2,Other,1000,1500,1500
Banur,2019,December,0.2,Other,1200,1500,1500
Banur,2019,December,0.2,Other,1000,1500,1500
Banur,2019,December,0.2,Other,1200,1500,1500
Banur,2019,December,0.2,Other,1000,1200,1200
Banur,2019,December,0.2,Other,1000,1200,1200
Banur,2019,December,0.2,Other,1000,1200,1200
Banur,2019,December,0.2,Other,1000,1500,1500
Banur,2019,December,0.2,Other,1000,1500,1500
Banur,2019,December,0.2,Other,1000,1500,1500
Banur,2019,December,0.5,Other,1800,2000,2000
Banur,2019,December,0.8,Other,1500,1800,1800
Banur,2019,December,0.2,Other,1000,1500,1500
Banur,2019,December,0.2,Other,1000,1500,1500
Banur,2019,December,0.2,Other,1200,1500,1500
Banur,2019,December,0.2,Other,1000,1200,1200
Banur,2019,December,0.2,Other,1000,1200,1200
Banur,2019,December,0.2,Other,1000,1200,1200
Banur,2019,December,0.2,Other,1000,1200,1200
Banur,2019,December,0.2,Other,1000,1200,1200
Banur,2019,December,0.2,Other,1000,1300,1300
Banur,2019,December,2,Other,1000,1200,1200
Banur (Kheragaju),2019,December,0.6,(Red Nanital),1000,1500,1500
Banur (Kheragaju),2019,December,0.5,(Red Nanital),1000,1500,1500
Banur (Kheragaju),2019,December,0.6,(Red Nanital),1000,1500,1500
Banur (Kheragaju),2019,December,0.5,(Red Nanital),1000,1200,1200
Banur (Kheragaju),2019,December,0.6,(Red Nanital),1000,1500,1500
Banur (Kheragaju),2019,December,6,(Red Nanital),1000,1500,1500
Banur (Kheragaju),2019,December,0.6,(Red Nanital),1200,1500,1500
Banur (Kheragaju),2019,December,0.6,(Red Nanital),1000,1500,1500
Banur (Kheragaju),2019,December,0.6,(Red Nanital),1200,1500,1500
Banur (Kheragaju),2019,December,0.6,(Red Nanital),1500,1800,1800
Banur (Kheragaju),2019,December,0.7,(Red Nanital),1000,1200,1200
Banur (Kheragaju),2019,December,0.6,(Red Nanital),1200,1500,1500
Banur (Kheragaju),2019,December,0.6,(Red Nanital),1500,1600,1600
Banur (Kheragaju),2019,December,0.5,(Red Nanital),1500,1800,1800
Banur (Kheragaju),2019,December,0.4,(Red Nanital),1800,2000,2000
Banur (Kheragaju),2019,December,0.5,(Red Nanital),1800,2000,2000
Banur (Kheragaju),2019,December,0.5,(Red Nanital),1800,2000,2000
Banur (Kheragaju),2019,December,0.5,(Red Nanital),1800,2000,2000
Banur (Kheragaju),2019,December,0.6,(Red Nanital),1500,1800,1800
Banur (Kheragaju),2019,December,0.4,(Red Nanital),1500,1800,1800
Banur (Kheragaju),2019,December,0.8,(Red Nanital),1500,1700,1700
Banur (Kheragaju),2019,December,0.6,(Red Nanital),1500,1800,1800
Banur (Kheragaju),2019,December,0.8,(Red Nanital),1000,1500,1500
Banur (Kheragaju),2019,December,0.6,(Red Nanital),1200,1500,1500
Banur (Kheragaju),2019,December,0.7,(Red Nanital),1000,1200,1200
Banur (Kheragaju),2019,December,0.7,(Red Nanital),1000,1200,1200
Banur (Kheragaju),2019,December,0.8,(Red Nanital),1000,1200,1200
Banur (Kheragaju),2019,December,0.6,(Red Nanital),1000,1200,1200
Banur (Kheragaju),2019,December,0.6,(Red Nanital),1000,1200,1200
Banur (Kheragaju),2019,December,0.6,(Red Nanital),1000,1300,1300
Banur (Kheragaju),2019,December,0.8,(Red Nanital),1000,1200,1200
Bariwala,2019,December,0.1,Other,600,600,600
Bariwala,2019,December,0.6,Other,600,600,600
Bariwala,2019,December,0.4,Other,600,600,600
Bariwala,2019,December,0.3,Other,600,600,600
Bariwala,2019,December,0.4,Other,600,600,600
Bariwala,2019,December,0.35,Other,700,700,700
Bariwala,2019,December,0.25,Other,600,600,600
Bariwala,2019,December,0.4,Other,700,700,700
Bariwala,2019,December,0.1,Other,600,600,600
Bariwala,2019,December,0.2,Other,800,800,800
Bariwala,2019,December,0.2,Other,1100,1200,1200
Bariwala,2019,December,0.1,Other,1100,1100,1100
Bariwala,2019,December,0.5,Other,1200,1200,1200
Bariwala,2019,December,0.3,Other,1000,1000,1000
Bariwala,2019,December,0.3,Other,1200,1400,1400
Bariwala,2019,December,0.3,Other,1800,1800,1800
Bariwala,2019,December,0.2,Other,2000,2000,2000
Barnala,2019,December,10,Other,400,1300,850
Barnala,2019,December,4.3,,,,
Barnala,2019,December,14.85,Other,500,1300,900
Barnala,2019,December,20,Other,500,1300,900
Barnala,2019,December,10.2,Other,500,1300,900
Barnala,2019,December,15,Other,500,1300,900
Barnala,2019,December,14.6,Other,700,1460,1080
Barnala,2019,December,12.9,Other,600,1460,1030
Barnala,2019,December,20.1,Other,400,1600,1000
Barnala,2019,December,16.95,Other,1400,1600,1500
Barnala,2019,December,12.5,Other,700,1850,1275
Barnala,2019,December,29,Other,500,1800,1150
Barnala,2019,December,23.9,Other,500,2000,1200
Barnala,2019,December,24.55,Other,600,2000,1300
Barnala,2019,December,15.7,Other,500,1800,1150
Barnala,2019,December,31.95,Other,1000,2000,1500
Barnala,2019,December,17.25,Other,600,1800,1200
Barnala,2019,December,30,Other,500,1650,1075
Barnala,2019,December,34.2,Other,500,1500,1000
Barnala,2019,December,24.3,Other,800,1400,1100
Barnala,2019,December,19.75,Other,1100,1400,1250
Barnala,2019,December,14.75,Other,400,1200,800
Barnala,2019,December,16.35,Other,1200,1400,1300
Barnala,2019,December,28.85,Other,650,1400,1025
Barnala,2019,December,21.6,Other,800,1400,1100
Barnala,2019,December,29.25,Other,1200,1300,1250
Bassi Pathana,2019,December,1.7,Potato,1000,1500,1200
Bassi Pathana,2019,December,1,Potato,1000,1000,1000
Bassi Pathana,2019,December,1,Potato,1000,1500,1200
Bassi Pathana,2019,December,0.5,Potato,500,1500,1000
Bassi Pathana,2019,December,2.5,Potato,1400,1800,1500
Bassi Pathana,2019,December,0.1,Potato,1000,1500,1200
Bassi Pathana,2019,December,2.8,Potato,1500,1800,1600
Bassi Pathana,2019,December,2.4,Potato,1000,1800,1500
Bassi Pathana,2019,December,1.3,Potato,1200,2000,1500
Bassi Pathana,2019,December,1.2,Potato,1000,1500,1200
Bassi Pathana,2019,December,3.6,Potato,1000,1800,1500
Bassi Pathana,2019,December,0.7,Potato,1200,2000,1500
Bassi Pathana,2019,December,3,Potato,1000,1500,1200
Bassi Pathana,2019,December,2.5,Potato,1000,1500,1200
Bassi Pathana,2019,December,2,Potato,1000,1800,1200
Bassi Pathana,2019,December,1.8,Potato,1000,1500,1200
Bassi Pathana,2019,December,2.1,Potato,1200,1800,1500
Bassi Pathana,2019,December,1.2,Potato,1000,1500,1200
Bassi Pathana,2019,December,2,Potato,1200,1600,1400
Batala,2019,December,22.8,Other,1100,1300,1200
Batala,2019,December,24,Other,500,700,600
Batala,2019,December,24,Other,1100,1300,1200
Batala,2019,December,26.5,Other,1100,1300,1200
Batala,2019,December,24,Other,1500,1700,1600
Batala,2019,December,23.5,Other,1400,1600,1500
Batala,2019,December,22.5,Other,1500,1700,1600
Batala,2019,December,28.5,Other,1400,1600,1500
Batala,2019,December,26.5,Other,1800,2100,2000
Batala,2019,December,23.5,Other,1800,2200,2000
Batala,2019,December,23,Other,1000,1200,1100
Batala,2019,December,22,Other,1100,1300,1200
Batala,2019,December,24,Other,400,600,500
Batala,2019,December,23,Other,400,600,500
Batala,2019,December,22,Other,900,1100,1000
Bathinda,2019,December,53.5,Other,700,800,700
Bathinda,2019,December,69.3,Other,600,700,650
Bathinda,2019,December,60.5,Other,600,800,700
Bathinda,2019,December,60,Other,500,1400,1200
Bathinda,2019,December,60,Other,500,1400,1200
Bathinda,2019,December,65,Other,700,1400,1200
Bathinda,2019,December,67.5,Other,800,1400,1200
Bathinda,2019,December,65,Other,800,1400,1200
Bathinda,2019,December,68.7,Other,800,1200,1000
Bathinda,2019,December,67.5,Other,800,1600,1200
Bathinda,2019,December,64.6,Other,800,1600,1000
Bathinda,2019,December,67,Other,800,1600,1000
Bathinda,2019,December,50,,,,
Bathinda,2019,December,8.5,,,,
Bathinda,2019,December,49.7,Other,1190,1840,1200
Bathinda,2019,December,46.7,Other,1200,1800,1200
Bathinda,2019,December,50.7,Other,1150,1600,1400
Bhagta Bhai Ka,2019,December,0.2,Other,400,400,400
Bhagta Bhai Ka,2019,December,0.1,Other,700,700,700
Bhagta Bhai Ka,2019,December,0.2,Other,780,780,780
Bhagta Bhai Ka,2019,December,0.2,Other,900,900,900
Bhagta Bhai Ka,2019,December,0.2,Other,900,900,900
Bhagta Bhai Ka,2019,December,0.2,Other,2000,2000,2000
Bhagta Bhai Ka,2019,December,0.2,Other,1800,1800,1800
Bhagta Bhai Ka,2019,December,0.2,Other,1600,1600,1600
Bhagta Bhai Ka,2019,December,0.1,Other,2000,2000,2000
Bhagta Bhai Ka,2019,December,0.1,Other,2100,2100,2100
Bhagta Bhai Ka,2019,December,0.1,Other,2200,2200,2200
Bhagta Bhai Ka,2019,December,0.1,Other,2200,2200,2200
Bhagta Bhai Ka,2019,December,0.1,Other,1400,1400,1400
Bhagta Bhai Ka,2019,December,0.1,Other,1500,1500,1500
Bhawanigarh,2019,December,7.5,Other,500,1000,750
Bhawanigarh,2019,December,4.9,Other,500,1000,750
Bhawanigarh,2019,December,6.4,Other,500,1500,1000
Bhawanigarh,2019,December,8.4,Other,500,1400,950
Bhawanigarh,2019,December,5,Other,500,1400,950
Bhawanigarh,2019,December,7,Other,1200,1400,1300
Bhawanigarh,2019,December,1.3,Other,1200,1600,1400
Bhawanigarh,2019,December,7.5,Other,1200,1600,1400
Bhawanigarh,2019,December,4,Other,1000,1400,1200
Bhawanigarh,2019,December,4.5,Other,1200,1600,1400
Bhawanigarh,2019,December,5.5,Other,1200,1600,1400
Bhawanigarh,2019,December,6.8,Other,1000,1300,1150
Bhawanigarh,2019,December,6.6,Other,1000,1300,1150
Bhawanigarh,2019,December,9.5,Other,1000,1300,1150
Bhucho,2019,December,0.2,Other,800,1000,900
Bhucho,2019,December,0.2,Other,800,1000,900
Bhucho,2019,December,0.2,Other,800,1000,900
Bhucho,2019,December,0.1,Other,800,1000,900
Bhucho,2019,December,0.2,Other,800,1000,900
Bhucho,2019,December,0.2,Other,800,1000,900
Bhucho,2019,December,0.2,Other,800,1000,900
Bhucho,2019,December,0.2,Other,700,900,800
Bhucho,2019,December,0.2,Other,800,900,850
Bhucho,2019,December,0.2,Other,700,900,800
Bhucho,2019,December,0.2,Other,800,1000,900
Bhucho,2019,December,0.3,Other,700,900,800
Bhucho,2019,December,0.25,Other,700,900,800
Bhucho,2019,December,0.1,Other,700,900,800
Bhucho,2019,December,0.2,Other,700,900,800
Bhucho,2019,December,0.2,Other,700,900,800
Bhucho,2019,December,0.2,Other,700,900,800
Bhucho,2019,December,0.2,Other,700,900,800
Bhucho,2019,December,0.2,Other,700,900,800
Bhucho,2019,December,0.3,Other,700,900,800
Bhucho,2019,December,0.3,Other,700,900,800
Bhucho,2019,December,0.2,Other,700,900,800
Bhulath,2019,December,0.2,Potato,1500,1500,1500
Bhulath,2019,December,0.2,Potato,1500,1500,1500
Bhulath,2019,December,1,Potato,1500,1500,1500
Bhulath,2019,December,1,Potato,1500,1500,1500
Bhulath (Nadala),2019,December,10,Potato,1000,1000,1000
Bhulath (Nadala),2019,December,310,Potato,800,800,800
Bilga,2019,December,0.18,Other,1500,1700,1600
Bilga,2019,December,0.18,Other,1600,1800,1700
Bilga,2019,December,0.19,Other,1600,1800,1700
Bilga,2019,December,0.19,Other,1800,2000,1900
Bilga,2019,December,0.1,Other,1500,1700,1600
Bilga,2019,December,0.29,Other,2000,2200,2100
Bilga,2019,December,0.28,Other,2000,2200,2100
Bilga,2019,December,0.09,Other,2000,2200,2100
Bilga,2019,December,0.29,Other,2000,2200,2100
Bilga,2019,December,0.09,Other,2000,2200,2100
Bilga,2019,December,0.1,Other,2000,2200,2100
Bilga,2019,December,0.29,Other,1500,1700,1600
Bilga,2019,December,0.29,Other,1500,1700,1600
Bilga,2019,December,0.1,Other,1800,2000,1900
Bilga,2019,December,0.1,Other,1500,1700,1600
Bilga,2019,December,0.19,Other,1800,2000,1900
Bilga,2019,December,0.19,Other,1600,1800,1700
Bilga,2019,December,0.09,Other,1800,2000,1900
Dasuya,2019,December,8,Other,800,1300,1300
Dasuya,2019,December,11.5,Other,600,1200,1200
Dasuya,2019,December,14,Other,700,1300,1300
Dasuya,2019,December,10.5,Other,600,1400,1400
Dasuya,2019,December,10.5,Other,700,1300,1300
Dasuya,2019,December,11,Other,700,1300,1300
Dasuya,2019,December,11,Other,800,1400,1400
Dasuya,2019,December,11,Other,800,1400,1400
Dasuya,2019,December,11.2,Other,800,1500,1500
Dasuya,2019,December,9.5,Other,800,1600,1600
Dasuya,2019,December,12,Other,700,1500,1500
Dasuya,2019,December,7.5,Other,1000,1600,1600
Dasuya,2019,December,7,Other,800,1600,1600
Dasuya,2019,December,6,Other,700,1500,1500
Dasuya,2019,December,11,Other,800,1600,1600
Dasuya,2019,December,10.5,Other,700,1800,1800
Dasuya,2019,December,11,Other,800,1800,1800
Dasuya,2019,December,9,Other,1000,1800,1800
Dasuya,2019,December,9.5,Other,700,1500,1500
Dasuya,2019,December,10.5,Other,800,1500,1500
Dasuya,2019,December,6,Other,800,1200,1200
Dasuya,2019,December,11,Other,1000,1500,1500
Dasuya,2019,December,8.5,Other,800,1200,1200
Dasuya,2019,December,9.5,Other,800,1300,1300
Dasuya,2019,December,10.5,Other,1000,1500,1500
Dasuya,2019,December,9,Other,800,1200,1200
Dasuya,2019,December,10.2,Other,800,1200,1200
Dasuya,2019,December,9.5,Other,800,1200,1200
Dasuya,2019,December,10.5,Other,800,1200,1200
Dera Baba Nanak,2019,December,0.1,Desi,1000,1200,1100
Dera Baba Nanak,2019,December,0.1,Desi,900,1100,1000
Dera Baba Nanak,2019,December,0.1,Desi,1000,1200,1100
Dera Bassi,2019,December,1.1,Other,1200,1800,1500
Dera Bassi,2019,December,1.1,Other,1200,1800,1500
Dera Bassi,2019,December,1.1,Other,1200,1800,1500
Dera Bassi,2019,December,1.2,Other,1200,1800,1500
Dera Bassi,2019,December,1.2,Other,1200,1600,1400
Dera Bassi,2019,December,1.2,Other,1200,1800,1500
Dera Bassi,2019,December,1.2,Other,1200,1800,1500
Dera Bassi,2019,December,1.1,Other,1200,1800,1500
Dera Bassi,2019,December,1.2,Other,1200,1800,1500
Dera Bassi,2019,December,1.2,Other,1200,1800,1500
Dera Bassi,2019,December,1.2,Other,1200,1800,1500
Dera Bassi,2019,December,1.2,Other,1200,1800,1500
Dera Bassi,2019,December,1,Other,1200,1800,1500
Dera Bassi,2019,December,1.1,Other,1200,1800,1500
Dera Bassi,2019,December,1.2,Other,1200,1800,1500
Dera Bassi,2019,December,1.1,Other,1200,1600,1400
Dera Bassi,2019,December,1.1,,,,
Dera Bassi,2019,December,1.2,Other,1200,1800,1500
Dera Bassi,2019,December,1.2,Other,1200,1800,1500
Dera Bassi,2019,December,1.3,Other,1200,1800,1500
Dera Bassi,2019,December,1,Other,1200,1800,1500
Dera Bassi,2019,December,1.2,Other,1200,1800,1500
Dera Bassi,2019,December,1.2,Other,1200,1800,1500
Dera Bassi,2019,December,1.1,Other,1200,1800,1500
Dera Bassi,2019,December,1.2,Other,1200,1800,1500
Dera Bassi,2019,December,1.2,Other,1200,1800,1500
Dera Bassi,2019,December,1.1,Other,1200,1800,1500
Dera Bassi,2019,December,1.1,Other,1200,1800,1500
Dharamkot,2019,December,1.15,,,,
Dharamkot,2019,December,0.5,,,,
Dharamkot,2019,December,0.55,Other,1000,1000,1000
Dharamkot,2019,December,0.65,Other,1200,1200,1200
Dharamkot,2019,December,0.75,Other,1200,1200,1200
Dharamkot,2019,December,1.03,Other,1200,1200,1200
Dharamkot,2019,December,0.75,Other,1200,1200,1200
Dharamkot,2019,December,1.2,Other,1200,1200,1200
Dharamkot,2019,December,0.65,Other,800,800,800
Dharamkot,2019,December,0.46,Other,800,800,800
Dharamkot,2019,December,1.2,Other,800,800,800
Dharamkot,2019,December,0.55,Other,700,1500,900
Dharamkot,2019,December,1.35,Other,1600,1600,1600
Dharamkot,2019,December,1.39,Other,1600,1600,1600
Dharamkot,2019,December,0.55,Other,1400,1800,1800
Dharamkot,2019,December,0.57,Other,1400,1400,1400
Dharamkot,2019,December,0.54,Other,1400,1400,1400
Dharamkot,2019,December,0.59,Other,1400,1400,1400
Dharamkot,2019,December,1.6,Other,600,1200,600
Dharamkot,2019,December,1.5,Other,600,600,600
Dharamkot,2019,December,1.4,Other,1000,1200,1000
Dharamkot,2019,December,1.7,Other,600,1200,600
Dharamkot,2019,December,0.51,Other,1200,1200,1200
Dharamkot,2019,December,2,Other,1200,1500,1200
Dharamkot,2019,December,1.55,Other,600,1200,1000
Dhariwal,2019,December,2.8,Other,600,900,750
Dhariwal,2019,December,2.6,Other,700,900,800
Dhariwal,2019,December,2.4,Other,700,900,800
Dhariwal,2019,December,2.5,Other,700,900,800
Dhariwal,2019,December,2.6,Other,600,900,800
Dhariwal,2019,December,2.4,Other,700,900,800
Dhariwal,2019,December,2.9,Other,700,900,800
Dhariwal,2019,December,3.4,Other,700,900,800
Dhariwal,2019,December,2.9,Other,700,900,800
Dhariwal,2019,December,3.2,Other,700,900,800
Dhariwal,2019,December,2.4,Other,800,1000,900
Dhariwal,2019,December,2.5,Other,700,1000,850
Dhariwal,2019,December,2.2,Other,700,1000,850
Dhariwal,2019,December,2.5,Other,700,1000,900
Dhariwal,2019,December,2.6,Other,700,1000,900
Dhariwal,2019,December,2.3,Other,700,900,800
Dhariwal,2019,December,2.6,Other,800,1000,950
Dhariwal,2019,December,2,Other,1600,2000,1800
Dhariwal,2019,December,1.8,Other,1700,2000,1900
Dhariwal,2019,December,2.1,Other,1600,1800,1700
Dhariwal,2019,December,2.5,Other,1400,1700,1600
Dhariwal,2019,December,2.4,Other,1300,1600,1500
Dhariwal,2019,December,2,Other,1200,1500,1400
Dhariwal,2019,December,2.3,Other,1300,1600,1500
Dhariwal,2019,December,2.3,Other,1200,1600,1400
Dhariwal,2019,December,2,Other,1200,1500,1350
Dhariwal,2019,December,2.2,Other,800,1000,900
Dhariwal,2019,December,25,Other,800,1100,950
Dhariwal,2019,December,2.8,Other,800,1000,900
Dhilwan,2019,December,12.6,Other,1100,1100,1100
Dhuri,2019,December,0.8,Local,650,850,750
Dhuri,2019,December,0.6,Local,620,850,740
Dhuri,2019,December,0.5,Local,800,1200,1000
Dhuri,2019,December,0.5,Local,800,1500,1200
Dhuri,2019,December,0.6,Local,1100,1400,1200
Dhuri,2019,December,0.7,Local,1100,1400,1200
Dhuri,2019,December,0.5,Local,1400,1500,1450
Dhuri,2019,December,0.6,Local,1400,1500,1450
Dhuri,2019,December,0.5,Local,1300,1500,1400
Dhuri,2019,December,0.6,Local,1300,1500,1400
Dhuri,2019,December,0.5,Local,1100,1300,1200
Dhuri,2019,December,0.6,Local,1300,1500,1400
Dhuri,2019,December,0.6,Local,1500,1600,1550
Dhuri,2019,December,0.6,Local,1500,1700,1600
Dhuri,2019,December,0.5,Local,1500,1600,1550
Dhuri,2019,December,0.3,Local,1400,1500,1450
Dhuri,2019,December,0.6,Local,1500,1600,1550
Dhuri,2019,December,0.6,Local,1400,1600,1500
Dhuri,2019,December,0.5,F.A.Q.,1500,1600,1550
Dhuri,2019,December,0.5,Local,1700,1800,1750
Dhuri,2019,December,0.6,Local,1400,1500,1450
Dhuri,2019,December,0.5,Local,1400,1500,1450
Dhuri,2019,December,0.7,Local,1300,1500,1400
Dhuri,2019,December,0.6,Local,1400,1500,1450
Dhuri,2019,December,0.5,Local,1400,1420,1410
Dhuri,2019,December,0.6,Local,1350,1400,1380
Dhuri,2019,December,0.5,Local,1300,1400,1350
Dhuri,2019,December,0.5,Local,1400,1420,1410
Dhuri,2019,December,0.6,Local,1400,1450,1420
Dinanagar,2019,December,7.5,Potato,750,900,800
Dinanagar,2019,December,7.4,Potato,1000,1200,1050
Dinanagar,2019,December,7.6,Potato,800,1000,900
Dinanagar,2019,December,7.5,Potato,1400,1600,1500
Dinanagar,2019,December,7.8,Potato,1400,1500,1450
Dinanagar,2019,December,7.8,Potato,1500,1650,1600
Dinanagar,2019,December,6.5,Potato,1500,1700,1600
Dinanagar,2019,December,7.2,Potato,1200,1300,1250
Dinanagar,2019,December,6.8,Potato,800,1050,1000
Dinanagar,2019,December,7.6,Potato,1000,1250,1200
Dudhansadhan,2019,December,0.3,Other,800,1000,900
Dudhansadhan,2019,December,0.6,Other,700,1000,900
Dudhansadhan,2019,December,0.5,Other,800,1000,900
Dudhansadhan,2019,December,0.4,Other,800,1000,900
Dudhansadhan,2019,December,0.4,Other,800,1000,900
Dudhansadhan,2019,December,0.4,Other,800,1000,900
Dudhansadhan,2019,December,0.3,Other,800,1000,900
Dudhansadhan,2019,December,0.3,Other,800,1000,900
Dudhansadhan,2019,December,0.4,Other,800,1000,900
Dudhansadhan,2019,December,0.3,Other,800,1000,900
Dudhansadhan,2019,December,0.5,Other,800,1000,900
Dudhansadhan,2019,December,0.4,Other,800,1000,900
Dudhansadhan,2019,December,0.4,Other,800,1000,900
Dudhansadhan,2019,December,0.4,Other,800,1000,900
Dudhansadhan,2019,December,0.3,Other,1000,1200,1100
Dudhansadhan,2019,December,0.4,Other,1000,1200,1100
Dudhansadhan,2019,December,0.3,Other,1000,1300,1200
Dudhansadhan,2019,December,0.4,Other,800,1200,1000
Dudhansadhan,2019,December,0.3,Other,800,1200,1000
Dudhansadhan,2019,December,0.4,Other,800,1000,900
Dudhansadhan,2019,December,0.4,Other,900,1300,1200
Dudhansadhan,2019,December,0.4,Other,1000,1200,1100
Dudhansadhan,2019,December,0.3,Other,800,1200,1000
Dudhansadhan,2019,December,0.3,Other,800,1000,900
Faridkot,2019,December,21,Potato,500,1000,700
Faridkot,2019,December,23.2,Potato,500,1000,800
Faridkot,2019,December,54.9,Potato,500,1000,700
Faridkot,2019,December,54,Potato,500,1000,700
Faridkot,2019,December,60,Potato,500,1000,600
Faridkot,2019,December,55,Potato,500,1000,600
Faridkot,2019,December,60,Potato,600,1000,700
Faridkot,2019,December,50,Potato,500,1000,700
Faridkot,2019,December,50.2,Potato,500,1000,600
Faridkot,2019,December,45,Potato,500,1000,700
Faridkot,2019,December,35,Potato,500,1000,700
Faridkot,2019,December,44,Potato,500,1000,800
Faridkot,2019,December,50,Potato,500,1000,700
Faridkot,2019,December,45,Potato,600,1000,800
Faridkot,2019,December,45,Potato,600,1000,800
Faridkot,2019,December,30,Potato,700,1050,800
Faridkot,2019,December,35,Potato,500,1000,800
Faridkot,2019,December,30,Potato,700,1000,800
Faridkot,2019,December,40,Potato,800,1000,880
Faridkot,2019,December,55,Potato,700,1000,800
Faridkot,2019,December,35,Potato,800,1000,850
Faridkot,2019,December,65,Potato,700,1000,850
Faridkot,2019,December,120,Potato,500,1000,700
Faridkot,2019,December,150,Potato,500,800,600
Faridkot,2019,December,180,Potato,500,800,600
Faridkot,2019,December,200,Potato,500,500,500
Ferozepur Cantt.,2019,December,0.25,Local,850,950,900
Ferozepur Cantt.,2019,December,0.15,Local,850,950,900
Ferozepur Cantt.,2019,December,0.15,Local,850,950,900
Ferozepur Cantt.,2019,December,0.2,Local,850,950,900
Ferozepur Cantt.,2019,December,0.3,Local,900,1100,1000
Ferozepur Cantt.,2019,December,0.15,Local,900,1100,1000
Ferozepur Cantt.,2019,December,0.15,Local,900,1100,1000
Ferozepur Cantt.,2019,December,0.2,Local,900,1100,1000
Ferozepur Cantt.,2019,December,0.1,Local,1400,1600,1500
Ferozepur Cantt.,2019,December,0.25,Local,1400,1600,1500
Ferozepur Cantt.,2019,December,0.2,Local,1500,1700,1600
Ferozepur Cantt.,2019,December,0.2,Local,1900,2200,2100
Ferozepur Cantt.,2019,December,0.15,Local,1500,1700,1600
Ferozepur Cantt.,2019,December,0.25,Local,1300,1500,1400
Ferozepur Cantt.,2019,December,0.2,Local,1300,1500,1400
Ferozepur Cantt.,2019,December,0.15,Local,1300,1500,1400
Ferozepur Cantt.,2019,December,0.2,Local,1300,1500,1400
Ferozepur Cantt.,2019,December,0.15,Local,1300,1500,1400
Ferozepur Cantt.,2019,December,0.25,Local,1100,1300,1200
Firozepur City,2019,December,8,Other,1000,1400,1200
Firozepur City,2019,December,4,Other,1000,1300,1150
Firozepur City,2019,December,6.8,Other,800,1200,1000
Firozepur City,2019,December,7.5,Other,1000,1500,1250
Firozepur City,2019,December,6,Other,1000,1500,1250
Firozepur City,2019,December,4,Other,1000,1500,1250
Firozepur City,2019,December,4.2,Other,1000,1500,1250
Firozepur City,2019,December,1.5,Other,1000,1500,1250
Firozepur City,2019,December,6,Other,1000,1600,1300
Firozepur City,2019,December,2,Other,800,1500,1150
Firozepur City,2019,December,1.5,Other,800,1600,1200
Firozepur City,2019,December,6,Other,700,1500,1100
Firozepur City,2019,December,5.5,Other,1400,1600,1500
Firozepur City,2019,December,4.5,Other,1400,1600,1500
Firozepur City,2019,December,5,Other,1000,1400,1200
Firozepur City,2019,December,6,Other,800,1200,1000
Firozepur City,2019,December,5.5,Other,1000,1200,1100
Firozepur City,2019,December,6,Other,800,1200,1000
Firozepur City,2019,December,18,Other,800,1200,1000
Firozepur City,2019,December,16,Other,800,1200,1000
Firozepur City,2019,December,15,Other,800,1100,950
Firozepur City,2019,December,4,Other,600,1200,900
Garh Shankar,2019,December,6.3,Other,400,650,550
Garh Shankar,2019,December,8,Other,400,800,600
Garh Shankar,2019,December,0.57,,,,
Garh Shankar,2019,December,8.8,Other,400,800,600
Garh Shankar,2019,December,6.1,Other,400,800,600
Garh Shankar,2019,December,8.8,Other,400,1000,750
Garh Shankar,2019,December,9.7,Other,400,1000,600
Garh Shankar,2019,December,13.5,Other,450,1100,750
Garh Shankar,2019,December,8.6,Other,400,1000,700
Garh Shankar,2019,December,4.2,Other,400,1000,650
Garh Shankar,2019,December,9.8,Other,500,1100,750
Garh Shankar,2019,December,5.8,Other,500,1000,800
Garh Shankar,2019,December,7.4,Other,500,1000,700
Garh Shankar,2019,December,3.2,Other,500,1100,800
Garh Shankar,2019,December,3.3,Other,450,1000,600
Garh Shankar,2019,December,3.5,Other,500,1200,900
Garh Shankar,2019,December,11.3,Other,600,900,800
Garh Shankar,2019,December,7.7,Other,500,1100,800
Garh Shankar,2019,December,11.4,Other,500,1000,700
Garh Shankar,2019,December,11.5,Other,500,1200,800
Garh Shankar,2019,December,9.9,Other,600,1200,800
Garh Shankar,2019,December,14.1,Other,600,1200,1000
Garh Shankar,2019,December,11.8,Other,400,1200,1000
Garh Shankar,2019,December,13.1,Other,400,1200,600
Garh Shankar(Mahalpur),2019,December,3,Potato,400,1000,500
Garh Shankar(Mahalpur),2019,December,6.7,Potato,450,1300,800
Garh Shankar(Mahalpur),2019,December,6.7,Potato,500,900,700
Garh Shankar(Mahalpur),2019,December,5.1,Potato,600,1000,700
Garh Shankar(Mahalpur),2019,December,4.3,Potato,600,1000,800
Garh Shankar(Mahalpur),2019,December,5.3,Potato,600,1000,1000
Garh Shankar(Mahalpur),2019,December,6.1,Potato,600,1000,800
Garh Shankar(Mahalpur),2019,December,7.1,Potato,600,1000,700
Garh Shankar(Mahalpur),2019,December,4.9,Potato,600,1000,1000
Garh Shankar(Mahalpur),2019,December,5.4,Potato,600,1000,700
Garh Shankar(Mahalpur),2019,December,1,Potato,600,1000,800
Garh Shankar(Mahalpur),2019,December,5.4,Potato,600,1000,800
Garh Shankar(Mahalpur),2019,December,4.6,Potato,600,1000,800
Garh Shankar(Mahalpur),2019,December,5.7,Potato,800,1600,1000
Garh Shankar(Mahalpur),2019,December,3.9,Potato,800,1600,1200
Garh Shankar(Mahalpur),2019,December,3.9,Potato,800,1600,1200
Garh Shankar(Mahalpur),2019,December,5.2,Potato,800,1600,1000
Garh Shankar(Mahalpur),2019,December,4.9,Potato,800,1400,1000
Garh Shankar(Mahalpur),2019,December,5.8,Potato,800,1400,1000
Garh Shankar(Mahalpur),2019,December,3.2,Potato,800,1200,1200
Garh Shankar(Mahalpur),2019,December,2.6,Potato,800,1200,900
Garh Shankar(Mahalpur),2019,December,5.6,Potato,800,1100,1000
Garh Shankar(Mahalpur),2019,December,3.5,Potato,800,1200,1000
GarhShankar (Kotfatuhi),2019,December,0.5,Other,700,900,800
GarhShankar (Kotfatuhi),2019,December,0.8,Other,500,800,650
GarhShankar (Kotfatuhi),2019,December,0.4,Other,700,900,800
GarhShankar (Kotfatuhi),2019,December,0.5,Other,400,800,600
GarhShankar (Kotfatuhi),2019,December,0.5,Other,700,1000,850
GarhShankar (Kotfatuhi),2019,December,0.5,Other,500,700,600
GarhShankar (Kotfatuhi),2019,December,0.6,Other,400,600,500
GarhShankar (Kotfatuhi),2019,December,0.5,Other,500,1000,700
GarhShankar (Kotfatuhi),2019,December,0.4,Other,400,950,600
GarhShankar (Kotfatuhi),2019,December,0.5,Other,500,1000,800
GarhShankar (Kotfatuhi),2019,December,0.5,Other,500,900,700
GarhShankar (Kotfatuhi),2019,December,0.5,Other,400,1000,700
GarhShankar (Kotfatuhi),2019,December,0.4,Other,500,1000,700
GarhShankar (Kotfatuhi),2019,December,0.5,Other,500,1100,700
GarhShankar (Kotfatuhi),2019,December,0.3,Other,1200,1500,1300
GarhShankar (Kotfatuhi),2019,December,0.4,Other,500,1100,800
GarhShankar (Kotfatuhi),2019,December,0.3,Other,1200,1500,1400
GarhShankar (Kotfatuhi),2019,December,0.5,Other,1200,1500,1400
GarhShankar (Kotfatuhi),2019,December,0.5,Other,1000,1500,1200
Gehri(Jandiala mandi),2019,December,0.3,,,,
Gehri(Jandiala mandi),2019,December,0.6,,,,
Gehri(Jandiala mandi),2019,December,0.4,,,,
Gehri(Jandiala mandi),2019,December,0.5,,,,
Gehri(Jandiala mandi),2019,December,0.6,,,,
Ghanaur,2019,December,0.5,Other,1000,1200,1200
Ghanaur,2019,December,0.56,Other,1000,1200,1200
Ghanaur,2019,December,0.5,Other,1000,1200,1000
Ghanaur,2019,December,0.5,Other,1000,1200,1200
Giddarbaha,2019,December,5,Potato,500,700,600
Giddarbaha,2019,December,4,Potato,600,800,700
Giddarbaha,2019,December,4,Potato,800,900,850
Giddarbaha,2019,December,2,Potato,800,950,900
Giddarbaha,2019,December,3,Potato,600,800,700
Giddarbaha,2019,December,4,Potato,600,800,700
Giddarbaha,2019,December,2,Potato,500,700,600
Giddarbaha,2019,December,2.5,Potato,400,600,500
Giddarbaha,2019,December,4,Potato,600,900,800
Giddarbaha,2019,December,3,Potato,2000,2200,2200
Giddarbaha,2019,December,2,Potato,2000,2200,2100
Giddarbaha,2019,December,3,Potato,2000,2250,2200
Giddarbaha,2019,December,1.8,Potato,2000,2200,2100
Giddarbaha,2019,December,4,Potato,2000,2250,2200
Giddarbaha,2019,December,3,,,,
Giddarbaha,2019,December,4,Potato,1800,2050,2000
Giddarbaha,2019,December,4,Potato,2000,2200,2100
Giddarbaha,2019,December,3,Potato,2200,2200,2200
Giddarbaha,2019,December,4,Potato,1800,2000,1900
Giddarbaha,2019,December,4,Potato,1200,1800,1500
Giddarbaha,2019,December,3,Potato,1200,1800,1600
Giddarbaha,2019,December,3.3,Potato,1700,1800,1750
Giddarbaha,2019,December,2.3,Potato,1600,1800,1700
Giddarbaha,2019,December,1.04,Potato,1200,1300,1300
Giddarbaha,2019,December,2.5,Potato,1800,2000,1900
Goniana,2019,December,0.35,Other,500,760,760
Goniana,2019,December,0.5,Other,500,660,660
Goniana,2019,December,0.15,Other,500,680,680
Goniana,2019,December,0.5,Other,500,850,850
Goniana,2019,December,0.4,Other,500,860,860
Goniana,2019,December,0.6,Other,500,730,730
Goniana,2019,December,0.5,Other,500,700,700
Goniana,2019,December,0.55,Other,500,850,850
Goniana,2019,December,0.6,Other,500,840,840
Goniana,2019,December,0.4,Other,500,920,920
Goniana,2019,December,0.45,Other,500,950,950
Goniana,2019,December,0.5,Other,500,980,980
Goniana,2019,December,0.55,Other,500,960,960
Goniana,2019,December,0.45,Other,500,900,900
Goniana,2019,December,0.45,Other,500,920,920
Goniana,2019,December,0.4,Other,500,920,920
Goniana,2019,December,0.45,Other,500,880,880
Goniana,2019,December,0.55,Other,500,950,950
Goniana,2019,December,0.35,Other,500,900,900
Goniana,2019,December,0.5,Other,500,900,900
Goniana,2019,December,0.5,Other,500,920,920
Goniana,2019,December,0.35,Other,500,950,950
Goniana,2019,December,0.35,Other,500,920,920
Goniana,2019,December,0.5,Other,500,940,940
Goniana,2019,December,0.5,Other,500,950,950
Goniana,2019,December,0.55,Other,500,950,950
Goraya,2019,December,1.2,Other,900,900,900
Goraya,2019,December,1.2,Other,1500,1500,1500
Goraya,2019,December,1.2,Other,1200,1200,1200
Goraya,2019,December,1.2,Other,1500,1500,1500
Goraya,2019,December,1.2,Other,1200,1200,1200
Goraya,2019,December,1.2,Other,1200,1200,1200
Goraya,2019,December,1.2,Other,1600,1600,1600
Goraya,2019,December,1.2,Other,1600,1600,1600
Goraya,2019,December,1.2,Other,1600,1600,1600
Goraya,2019,December,1.2,Other,1500,1500,1500
Goraya,2019,December,1.2,Other,1500,1500,1500
Goraya,2019,December,1.2,Other,1600,1600,1600
Goraya,2019,December,1.2,Other,1400,1400,1400
Goraya,2019,December,1.1,Other,1100,1100,1100
Goraya,2019,December,1.2,Other,1000,1000,1000
Goraya,2019,December,1.1,Other,1400,1400,1400
Gurdaspur,2019,December,21,Other,1200,1400,1300
Gurdaspur,2019,December,28.5,Other,1200,1400,1300
Gurdaspur,2019,December,25,Other,1200,1400,1300
Gurdaspur,2019,December,19.5,Other,1200,1400,1300
Gurdaspur,2019,December,31,Other,1200,1500,1300
Gurdaspur,2019,December,30,Other,1200,1500,1300
Gurdaspur,2019,December,29,Other,1200,1500,1400
Gurdaspur,2019,December,33.5,Other,1200,1500,1300
Gurdaspur,2019,December,30,Other,1000,1500,1200
Gurdaspur,2019,December,26.4,Other,1000,1500,1200
Gurdaspur,2019,December,19.8,Other,1500,1800,1600
Gurdaspur,2019,December,32.3,Other,1500,2000,1800
Gurdaspur,2019,December,30.3,Other,1500,2000,1800
Gurdaspur,2019,December,29.2,Other,1800,2000,1900
Gurdaspur,2019,December,17.3,Other,2000,2500,2200
Gurdaspur,2019,December,22.4,Other,2000,2500,2200
Gurdaspur,2019,December,33.3,Other,1800,2000,1900
Gurdaspur,2019,December,25.4,Other,1800,2000,1900
Gurdaspur,2019,December,30.8,Other,1800,2000,1900
Gurdaspur,2019,December,25.2,Other,1500,2000,1800
Gurdaspur,2019,December,24.8,Other,1800,2000,1900
Guru Har Sahai,2019,December,6,Potato,700,1200,1000
Guru Har Sahai,2019,December,4.5,Potato,700,1200,1000
Guru Har Sahai,2019,December,4.2,Potato,1100,1400,1400
Guru Har Sahai,2019,December,3.8,Potato,1400,1600,1500
Guru Har Sahai,2019,December,4.5,Potato,1300,1400,1400
Guru Har Sahai,2019,December,3.5,Potato,1200,1400,1400
Guru Har Sahai,2019,December,4,Potato,1300,1500,1500
Guru Har Sahai,2019,December,3.5,Potato,1300,1500,1500
Guru Har Sahai,2019,December,4.2,Potato,1500,1600,1600
Guru Har Sahai,2019,December,3,Potato,2500,3000,3000
Guru Har Sahai,2019,December,2.8,Potato,1800,2200,2000
Guru Har Sahai,2019,December,3,Potato,2500,3000,3000
Guru Har Sahai,2019,December,2.8,Potato,1800,2000,2000
Guru Har Sahai,2019,December,4,Potato,1200,1500,1500
Guru Har Sahai,2019,December,4,Potato,1200,1400,1400
Guru Har Sahai,2019,December,3.7,Potato,1500,1600,1500
Guru Har Sahai,2019,December,4,Potato,1800,2200,2000
Hoshiarpur,2019,December,239.8,Other,1160,1340,1250
Hoshiarpur,2019,December,153.6,Other,1150,1400,1275
Hoshiarpur,2019,December,156.2,Other,920,1500,1300
Hoshiarpur,2019,December,121,Other,1100,1500,1300
Hoshiarpur,2019,December,88.8,Other,1220,1440,1330
Hoshiarpur,2019,December,84.1,Other,1250,1550,1400
Hoshiarpur,2019,December,86.1,Other,1200,1520,1360
Hoshiarpur,2019,December,99,Other,1020,2000,1050
Hoshiarpur,2019,December,44.5,Other,1100,1960,1530
Hoshiarpur,2019,December,56.2,Other,1200,2050,1500
Hoshiarpur,2019,December,186,Other,700,1200,1000
Hoshiarpur,2019,December,27,Other,700,1230,1100
Hoshiarpur,2019,December,226.9,Other,530,1230,1100
Hoshiarpur,2019,December,83.9,Other,500,1220,1100
Hoshiarpur,2019,December,152.2,Other,880,1300,1000
Hoshiarpur,2019,December,184.5,Other,800,1250,1025
Hoshiarpur,2019,December,137.2,Other,600,1270,935
Hoshiarpur,2019,December,140.1,Other,800,1280,1040
Hoshiarpur,2019,December,152,Other,970,1280,1125
Hoshiarpur,2019,December,171.7,Other,700,1250,1000
Hoshiarpur,2019,December,344.9,Other,720,1250,1010
Hoshiarpur(Sham Churasi),2019,December,0.05,Potato,1500,2500,2000
Hoshiarpur(Sham Churasi),2019,December,0.04,Potato,1200,1600,1400
Jagraon,2019,December,4,Other,1000,1200,1100
Jagraon,2019,December,3.5,Other,1000,1250,1100
Jagraon,2019,December,3.5,Other,1100,1300,1200
Jagraon,2019,December,3.8,Other,1000,1200,1100
Jagraon,2019,December,2.5,Other,1000,1200,1100
Jagraon,2019,December,2.6,Other,1100,1300,1200
Jagraon,2019,December,3,Other,1100,1300,1200
Jagraon,2019,December,2,Other,1200,1400,1300
Jagraon,2019,December,2.5,Other,1300,1500,1400
Jagraon,2019,December,1.4,Other,1200,1400,1300
Jagraon,2019,December,0.5,Other,1200,1500,1400
Jagraon,2019,December,2,Other,1300,1450,1400
Jagraon,2019,December,1,Other,1200,1400,1300
Jagraon,2019,December,6,Other,1600,2000,1800
Jagraon,2019,December,1,Other,1700,1900,1800
Jagraon,2019,December,2,Other,1700,2000,1900
Jagraon,2019,December,1.6,,,,
Jagraon,2019,December,3,Other,1400,2000,1600
Jagraon,2019,December,2.5,Other,1500,1800,1700
Jagraon,2019,December,4,Other,1600,2000,1800
Jagraon,2019,December,4,Other,1400,1800,1600
Jagraon,2019,December,3.5,Other,1200,1600,1400
Jagraon,2019,December,4.5,Other,1400,1700,1600
Jagraon,2019,December,3.5,Other,1600,2000,1800
Jagraon,2019,December,5,Other,1400,1700,1600
Jagraon,2019,December,5,Other,1400,1800,1600
Jaitu,2019,December,0.95,Local,800,800,800
Jaitu,2019,December,0.48,Local,1000,1000,1000
Jaitu,2019,December,0.47,Local,1000,1000,1000
Jaitu,2019,December,0.47,Local,1000,1000,1000
Jaitu,2019,December,0.47,Local,1000,1000,1000
Jaitu,2019,December,0.2,Local,2200,2200,2200
Jaitu,2019,December,0.46,Local,2100,2100,2100
Jaitu,2019,December,0.5,Local,1700,1700,1700
Jaitu,2019,December,0.3,Local,1700,1700,1700
Jaitu,2019,December,0.2,,,,
Jaitu,2019,December,0.4,Local,1600,1600,1600
Jaitu,2019,December,0.85,Local,1200,1500,1500
Jaitu,2019,December,1.46,Local,1500,1500,1500
Jaitu,2019,December,0.89,Local,1600,1700,1600
Jalalabad,2019,December,6.8,Other,500,600,550
Jalalabad,2019,December,1.75,Other,1000,1200,1100
Jalalabad,2019,December,2.9,Other,1000,1200,1100
Jalalabad,2019,December,5.7,Other,1000,1200,1100
Jalalabad,2019,December,1.85,Other,1400,1600,1500
Jalalabad,2019,December,3.25,Other,1100,1300,1200
Jalalabad,2019,December,2.05,Other,1300,1500,1400
Jalalabad,2019,December,3.5,Other,1000,1400,1200
Jalalabad,2019,December,2.5,Other,1300,1600,1400
Jalalabad,2019,December,2,Other,1000,1200,1100
Jalalabad,2019,December,6,Other,600,700,650
Jalalabad,2019,December,4.55,Other,1100,1400,1200
Jalalabad,2019,December,4.2,Other,1300,1600,1400
Jalalabad,2019,December,4.85,Other,1300,1500,1400
Jalalabad,2019,December,1.45,Other,1400,1600,1500
Jalalabad,2019,December,2,Other,1100,1300,1200
Jalalabad,2019,December,4.5,Other,1000,1300,1100
Jalalabad,2019,December,4.45,Other,1000,1200,1100
Jalalabad,2019,December,4.46,Other,1200,1500,1300
Jalalabad,2019,December,3.3,Other,1000,1200,1100
Jalalabad,2019,December,1.5,Other,1100,1300,1200
Jalalabad,2019,December,3.55,Other,1100,1300,1200
Jalalabad,2019,December,5.5,Other,1000,1200,1100
Jalalabad,2019,December,3.05,Other,1000,1200,1100
Jalalabad,2019,December,3.5,Other,1000,1200,1100
Jalalabad,2019,December,1,Other,900,1100,1000
Jalandhar City(Jalandhar),2019,December,317.6,Other,100,1420,1000
Jalandhar City(Jalandhar),2019,December,193.7,Other,200,1400,500
Jalandhar City(Jalandhar),2019,December,369.1,Other,200,1500,600
Jalandhar City(Jalandhar),2019,December,237.9,Other,240,1490,580
Jalandhar City(Jalandhar),2019,December,241.1,Other,300,1520,1400
Jalandhar City(Jalandhar),2019,December,206,Other,110,1600,1200
Jalandhar City(Jalandhar),2019,December,321.3,Other,100,1510,900
Jalandhar City(Jalandhar),2019,December,220,Other,340,1500,920
Jalandhar City(Jalandhar),2019,December,271.7,Other,215,1520,820
Jalandhar City(Jalandhar),2019,December,190.6,Other,400,1700,1200
Jalandhar City(Jalandhar),2019,December,51.9,,,,
Jalandhar City(Jalandhar),2019,December,174.1,,,,
Jalandhar City(Jalandhar),2019,December,277.8,,,,
Jalandhar City(Jalandhar),2019,December,256,,,,
Jalandhar City(Jalandhar),2019,December,120.5,Other,700,1750,1450
Jalandhar City(Jalandhar),2019,December,356.8,Other,200,1770,1400
Jalandhar City(Jalandhar),2019,December,317.4,Other,200,1600,1300
Jalandhar City(Jalandhar),2019,December,436,Other,300,1520,1100
Jalandhar City(Jalandhar),2019,December,298.9,Other,250,1300,1000
Jalandhar City(Jalandhar),2019,December,298.2,Other,250,1300,1000
Jalandhar City(Jalandhar),2019,December,268.9,Other,160,1520,1000
Jalandhar City(Jalandhar),2019,December,300.6,Other,280,1320,1100
Jalandhar City(Jalandhar),2019,December,261.1,Other,600,1340,1100
Jalandhar City(Jalandhar),2019,December,367.1,Other,300,1400,900
Jalandhar City(Jalandhar),2019,December,409,Other,200,1360,1000
Jalandhar City(Jalandhar),2019,December,126.6,Other,400,1140,750
Khamano,2019,December,0.2,Potato,1000,1000,1000
Khamano,2019,December,0.4,Potato,900,900,900
Khamano,2019,December,0.2,Potato,1000,1000,1000
Khamano,2019,December,0.3,Potato,900,900,900
Khamano,2019,December,0.4,Potato,1000,1000,1000
Khamano,2019,December,0.4,Potato,1000,1000,1000
Khamano,2019,December,0.4,Potato,1000,1000,1000
Khanauri,2019,December,0.7,Other,1200,1500,1300
Khanauri,2019,December,0.7,Other,1200,1400,1300
Khanauri,2019,December,0.7,Other,1200,1400,1300
Khanauri,2019,December,0.4,Other,1500,1700,1600
Khanauri,2019,December,0.7,Other,1200,1400,1300
Khanauri,2019,December,0.7,Other,1200,1400,1300
Khanauri,2019,December,0.6,Other,1200,1400,1300
Khanauri,2019,December,0.8,Other,1800,2000,1900
Khanauri,2019,December,0.6,Other,1200,1400,1300
Khanauri,2019,December,0.8,Other,1000,1200,1100
Khanauri,2019,December,0.8,Other,800,1000,900
Khanauri,2019,December,0.8,Other,800,1000,900
Khanauri,2019,December,0.8,Other,1000,1200,1100
Khanauri,2019,December,1,Other,800,1000,900
Khanauri,2019,December,0.8,Other,700,900,800
Khanauri,2019,December,0.8,Other,800,1000,900
Khanauri,2019,December,0.7,Other,800,1000,900
Khanauri,2019,December,0.7,Other,800,1000,900
Khanauri,2019,December,0.8,Other,800,1000,900
Khanna,2019,December,37.7,Other,500,1500,1200
Khanna,2019,December,50.3,Other,500,1400,1100
Khanna,2019,December,43,Other,500,1400,1100
Khanna,2019,December,39.4,Other,500,1400,1000
Khanna,2019,December,72.3,Other,500,1500,1000
Khanna,2019,December,67.6,Other,500,1400,1000
Khanna,2019,December,33.4,Other,500,1400,1000
Khanna,2019,December,27.1,Other,500,1400,1000
Khanna,2019,December,72.9,Other,500,1500,1050
Khanna,2019,December,31.5,Other,600,1800,1600
Khanna,2019,December,31.5,Other,600,1800,1500
Khanna,2019,December,39.7,Other,600,1800,1400
Khanna,2019,December,70.8,Other,600,1800,1400
Khanna,2019,December,35,Other,600,1800,1400
Kharar,2019,December,16,Potato,1000,1500,1200
Kharar,2019,December,17,Potato,1000,1500,1200
Kharar,2019,December,25,Potato,900,1300,1100
Kharar,2019,December,26,Potato,900,1300,1100
Kharar,2019,December,26,Potato,900,1300,1000
Kharar,2019,December,25,Potato,1200,1500,1300
Kharar,2019,December,24,Potato,1200,1500,1300
Kharar,2019,December,23,Potato,1200,1500,1300
Kharar,2019,December,20,Potato,1200,1600,1400
Kharar,2019,December,19,Potato,1000,1500,1200
Kharar,2019,December,20,Potato,1000,1500,1200
Kharar,2019,December,22,Potato,1000,1500,1200
Kharar,2019,December,21,Potato,1000,1500,1200
Kharar,2019,December,23,Potato,1000,1500,1200
Kharar,2019,December,24,Potato,1000,1500,1200
Kharar,2019,December,18,Potato,1400,1800,1600
Kharar,2019,December,15,Potato,1400,1800,1600
Kharar,2019,December,12,Potato,1400,1800,1600
Kharar,2019,December,15,Potato,1200,1600,1400
Kharar,2019,December,16,Potato,1200,1500,1400
Kharar,2019,December,20,Potato,1200,1600,1400
Kharar,2019,December,18,Potato,1000,1400,1200
Kharar,2019,December,26,Potato,1000,1300,1200
Kharar,2019,December,23,Potato,1000,1200,1100
Kharar,2019,December,12,Potato,1000,1200,1100
Kharar,2019,December,26,Potato,1000,1400,1200
Kharar,2019,December,28,Potato,1000,1200,1100
Kharar,2019,December,26,Potato,1000,1200,1100
Kharar,2019,December,24,Potato,1000,1200,1100
Kharar,2019,December,2.7,Potato,1000,1400,1200
Kharar,2019,December,28,Potato,1000,1400,1200
Kot ise Khan,2019,December,1,Other,1600,1800,1700
Kot ise Khan,2019,December,1,Other,1500,1700,1600
Kot ise Khan,2019,December,1,Other,1600,1800,1700
Kot ise Khan,2019,December,1,Other,1500,1700,1600
Kot ise Khan,2019,December,1,Other,1500,1700,1600
Kot ise Khan,2019,December,1,Other,1500,1700,1600
Kot ise Khan,2019,December,1,Other,1500,1700,1600
Kot ise Khan,2019,December,1,Other,1500,1700,1600
Kot ise Khan,2019,December,1,Other,1500,1700,1600
Kot ise Khan,2019,December,1,Other,1000,1200,1100
Kot ise Khan,2019,December,1,Other,1200,1400,1300
Kot ise Khan,2019,December,1,Other,1200,1400,1300
Kot ise Khan,2019,December,1,Other,1200,1400,1300
Kot ise Khan,2019,December,1,Other,1500,1700,1600
Kot ise Khan,2019,December,1,Other,1800,2000,1900
Kot ise Khan,2019,December,1,Other,1500,1700,1600
Kot ise Khan,2019,December,1,Other,1500,1700,1600
Kot ise Khan,2019,December,1,Other,1600,1800,1700
Kot ise Khan,2019,December,1,Other,1800,2000,1900
Kot ise Khan,2019,December,1,Other,1500,1700,1600
Kot ise Khan,2019,December,1,Other,1200,1400,1300
Kot ise Khan,2019,December,1,Other,1800,2000,1900
Kot ise Khan,2019,December,1,Other,1500,1700,1600
Kotkapura,2019,December,15,Potato,700,900,800
Kotkapura,2019,December,10,Potato,600,800,700
Kotkapura,2019,December,12,Potato,600,800,700
Kotkapura,2019,December,8,Potato,1000,1500,1200
Kotkapura,2019,December,6,Potato,1600,1800,1700
Kotkapura,2019,December,7,,,,
Kotkapura,2019,December,8,Potato,1500,2000,1800
Kurali,2019,December,6.5,Other,1000,1200,1100
Kurali,2019,December,6.6,Other,1000,1400,1200
Kurali,2019,December,5,Other,1000,1300,1100
Kurali,2019,December,5,Other,1100,1200,1150
Kurali,2019,December,5.5,Other,1200,1400,1300
Kurali,2019,December,4.5,Other,1100,1400,1200
Kurali,2019,December,4,Other,1200,1400,1300
Kurali,2019,December,3.8,Other,1300,1500,1400
Kurali,2019,December,5,Other,1300,1500,1400
Kurali,2019,December,5,Other,1400,1600,1500
Kurali,2019,December,4.5,Other,1500,1700,1600
Kurali,2019,December,5.5,Other,1400,1600,1500
Kurali,2019,December,7.5,Other,1300,1500,1400
Kurali,2019,December,6,Other,1000,1200,1100
Kurali,2019,December,5,Other,1000,1200,1100
Kurali,2019,December,3.5,Other,1000,1200,1100
Kurali,2019,December,6.5,Other,1000,1200,1100
Kurali,2019,December,4.5,Other,1000,1100,1050
Kurali,2019,December,4.5,Other,1000,1200,1100
Kurali,2019,December,7,Other,1000,1200,1100
Lalru,2019,December,3.9,Other,1000,1000,1000
Lalru,2019,December,3.94,Other,900,900,900
Lalru,2019,December,3.95,Other,1000,1500,1500
Lalru,2019,December,3.95,Other,800,800,800
Lalru,2019,December,3.9,Other,1000,1000,1000
Lalru,2019,December,4,Other,800,1500,1400
Lalru,2019,December,0.41,Other,900,1500,1000
Lalru,2019,December,0.42,Other,800,800,800
Lalru,2019,December,0.44,Other,1000,1000,1000
Lalru,2019,December,5,Other,1000,1000,1000
Lalru,2019,December,0.51,Other,800,800,800
Lalru,2019,December,0.53,Other,1000,1000,1000
Lalru,2019,December,0.54,Other,900,900,900
Lalru,2019,December,6.58,Other,1000,1000,1000
Lalru,2019,December,0.68,Other,800,800,800
Lalru,2019,December,0.67,Other,1200,1500,1500
Lalru,2019,December,0.68,Other,900,1800,1800
Lalru,2019,December,0.67,Other,1000,1000,1000
Lalru,2019,December,0.67,Other,900,1200,1200
Lalru,2019,December,0.65,Other,800,1000,1000
Lalru,2019,December,3.95,Other,900,900,900
Lalru,2019,December,4.01,Other,900,900,900
Lalru,2019,December,35,Other,1000,1000,1000
Lalru,2019,December,16.05,Other,1000,1000,1000
Lalru,2019,December,57.11,Other,900,1000,1000
Lalru,2019,December,57.15,Other,800,800,800
Lehra Gaga,2019,December,2,Other,700,700,700
Lehra Gaga,2019,December,2.5,Other,700,700,700
Lehra Gaga,2019,December,2,Other,700,700,700
Lehra Gaga,2019,December,2,Other,700,700,700
Lehra Gaga,2019,December,1,Other,700,700,700
Lehra Gaga,2019,December,2.5,Other,700,750,750
Lehra Gaga,2019,December,2,Other,700,700,700
Lehra Gaga,2019,December,2.5,Other,1000,1000,1000
Lehra Gaga,2019,December,2,Other,1000,1000,1000
Lehra Gaga,2019,December,2,Other,1000,1500,1300
Lehra Gaga,2019,December,1,Other,1000,1000,1000
Lehra Gaga,2019,December,2.5,Other,1000,1300,1200
Lehra Gaga,2019,December,2,Other,1000,1500,1200
Lehra Gaga,2019,December,2,Other,1000,1000,1000
Makhu,2019,December,2,Other,800,950,900
Makhu,2019,December,2,Other,800,950,900
Makhu,2019,December,2,Other,800,950,900
Makhu,2019,December,2,Other,800,950,900
Makhu,2019,December,2,Other,800,1000,900
Makhu,2019,December,2,Other,800,900,850
Makhu,2019,December,2,Other,800,900,850
Makhu,2019,December,2,Other,800,900,850
Makhu,2019,December,2,Other,800,950,900
Makhu,2019,December,2,Other,800,950,900
Makhu,2019,December,2,Other,800,950,900
Makhu,2019,December,2,Other,800,950,900
Makhu,2019,December,2,Other,800,950,900
Makhu,2019,December,2,Other,800,950,900
Makhu,2019,December,2,Other,800,950,900
Makhu,2019,December,2,Other,800,950,900
Makhu,2019,December,2,Other,800,950,900
Makhu,2019,December,2,Other,800,950,900
Makhu,2019,December,2,Other,800,950,900
Makhu,2019,December,2,Other,800,950,900
Makhu,2019,December,2,Other,800,950,900
Makhu,2019,December,2,Other,800,950,900
Makhu,2019,December,2,Other,800,950,900
Makhu,2019,December,2,Other,800,950,900
Makhu,2019,December,2,Other,800,950,900
Makhu,2019,December,2,Other,800,950,900
Makhu,2019,December,2,Other,800,950,900
Makhu,2019,December,2,Other,800,950,900
Makhu,2019,December,0.5,Other,800,950,900
Malerkotla,2019,December,14,Other,400,1150,650
Malerkotla,2019,December,25,Other,450,1200,600
Malerkotla,2019,December,25,Other,450,1200,600
Malerkotla,2019,December,23.8,Other,725,1400,1260
Malerkotla,2019,December,20,Other,700,1450,1200
Malerkotla,2019,December,26.5,Other,650,1300,1200
Malerkotla,2019,December,26.5,Other,800,1400,1200
Malerkotla,2019,December,18.5,Other,650,1250,860
Malerkotla,2019,December,24.5,Other,700,1400,1200
Malerkotla,2019,December,19.5,Other,900,1400,1250
Malerkotla,2019,December,17.5,Other,800,1800,1180
Malerkotla,2019,December,28,Other,850,1800,1150
Malerkotla,2019,December,32.5,Other,1000,1700,1200
Malerkotla,2019,December,15.5,Other,1000,1800,1400
Malerkotla,2019,December,28.5,Other,900,1600,1000
Malerkotla,2019,December,18.5,Other,1000,1700,1200
Malerkotla,2019,December,20.1,Other,1000,1600,1400
Malerkotla,2019,December,21.5,Other,1000,1600,1200
Malerkotla,2019,December,21.5,Other,1100,1500,1200
Malerkotla,2019,December,16.5,Other,1100,1300,1200
Malerkotla,2019,December,21.5,Other,1100,1600,1400
Malerkotla,2019,December,27.5,Other,900,1300,1100
Malerkotla,2019,December,14.5,Other,1100,1300,1200
Malerkotla,2019,December,23,Other,1100,1300,1200
Malerkotla,2019,December,33.5,,,,
Malerkotla,2019,December,27,,,,
Malerkotla,2019,December,17,Other,1100,1250,1200
Malerkotla,2019,December,27,Other,1000,1300,1200
Malout,2019,December,15,Potato,375,1500,480
Malout,2019,December,22.5,Potato,400,1400,500
Malout,2019,December,11.3,Potato,350,1200,625
Malout,2019,December,11.4,Potato,400,1200,550
Malout,2019,December,13.5,Potato,500,1400,675
Malout,2019,December,10.8,Potato,450,1500,600
Malout,2019,December,10.5,Potato,400,1500,850
Malout,2019,December,7.5,Potato,500,1500,800
Malout,2019,December,8.5,Potato,600,2000,1550
Malout,2019,December,7.5,Potato,500,1800,1500
Malout,2019,December,7,Potato,600,1900,1380
Malout,2019,December,7.7,Potato,1000,2100,1550
Malout,2019,December,13.1,Potato,1000,1800,1480
Malout,2019,December,11.8,Potato,1000,2000,1650
Malout,2019,December,9.5,Potato,1000,2000,1625
Malout,2019,December,9,Potato,1000,2000,1500
Malout,2019,December,9.2,Potato,1000,2000,1650
Malout,2019,December,12.1,Potato,950,1400,1000
Malout,2019,December,9,Potato,1000,1500,1200
Malout,2019,December,9.6,Potato,1100,1300,1200
Malout,2019,December,6.5,Potato,1100,1400,1200
Malout,2019,December,2.3,Potato,1000,1400,1180
Malout,2019,December,10.4,Potato,1000,1400,1200
Malout,2019,December,9.9,Potato,1000,1400,1180
Malout,2019,December,12.5,Potato,1000,1500,1200
Mamdot,2019,December,1,Other,1200,1300,1250
Mamdot,2019,December,1.2,Other,1600,1700,1650
Mamdot,2019,December,1,Other,1600,1700,1650
Mamdot,2019,December,1.2,Other,1600,1700,1650
Mamdot,2019,December,1.1,Other,1700,1800,1750
Mamdot,2019,December,1,Other,2000,2200,2100
Mamdot,2019,December,1.3,Other,1400,1500,1450
Mansa,2019,December,14,Potato,500,600,550
Mansa,2019,December,10,Potato,600,700,650
Mansa,2019,December,18,,,,
Mansa,2019,December,16,Potato,200,700,450
Mansa,2019,December,18,Potato,300,700,550
Mansa,2019,December,16,Potato,300,750,450
Mansa,2019,December,18,Potato,300,700,500
Mansa,2019,December,17,Potato,250,700,450
Mansa,2019,December,15,Potato,300,720,450
Mansa,2019,December,18,Potato,300,700,550
Mansa,2019,December,15,Potato,1000,1800,1400
Maur,2019,December,1.8,Other,1300,1500,1400
Maur,2019,December,1.7,Other,1200,1500,1300
Maur,2019,December,1.3,Other,1300,1600,1500
Maur,2019,December,1.3,Other,1300,1500,1400
Maur,2019,December,1.8,Other,1400,1600,1500
Maur,2019,December,1.5,Other,1400,1600,1500
Maur,2019,December,1.3,Other,1400,1600,1500
Maur,2019,December,1.9,Other,1300,1600,1400
Maur,2019,December,2.4,,,,
Maur,2019,December,1.7,,,,
Maur,2019,December,2,Other,1600,1640,1620
Maur,2019,December,1.7,Other,900,1000,950
Maur,2019,December,1.3,Other,1700,2000,1800
Maur,2019,December,1.5,Other,2000,2200,2100
Maur,2019,December,2.1,Other,2200,2400,2300
Maur,2019,December,1.5,Other,2000,2200,2100
Maur,2019,December,1.5,Other,2100,2400,2200
Maur,2019,December,1.4,Other,1700,2000,1800
Maur,2019,December,1.5,Other,1600,1800,1700
Maur,2019,December,1.2,Other,1600,1800,1700
Maur,2019,December,2.4,Other,1200,1500,1300
Maur,2019,December,2.4,Other,1250,1400,1300
Maur,2019,December,2.8,Other,1100,1300,1200
Maur,2019,December,2.5,Other,1000,1300,1200
Maur,2019,December,2.9,Other,1150,1300,1200
Maur,2019,December,2.1,Other,1200,1400,1300
Maur,2019,December,1.5,Other,1200,1400,1300
Maur,2019,December,1.4,Other,1100,1300,1200
Maur,2019,December,1.9,Other,1200,1400,1300
Maur,2019,December,2,Other,1200,1400,1300
Moga,2019,December,29,Other,800,1000,900
Moga,2019,December,39.7,Other,800,1000,900
Moga,2019,December,24.6,Other,900,1000,950
Moga,2019,December,22.1,Other,800,1000,900
Moga,2019,December,25.5,Other,900,1100,1000
Moga,2019,December,10,Other,900,1100,1000
Moga,2019,December,30.6,Other,800,1000,900
Moga,2019,December,30.7,Other,800,1000,900
Moga,2019,December,19.2,Other,800,1000,900
Moga,2019,December,50.3,Other,1000,1200,1100
Moga,2019,December,3,Other,1100,1200,1150
Moga,2019,December,37.6,Other,900,1100,1000
Moga,2019,December,32.1,Other,900,1100,1000
Moga,2019,December,22.9,Other,900,1100,1000
Moga,2019,December,25.9,Other,900,1200,1150
Moga,2019,December,18.2,Other,1000,1100,1050
Moga,2019,December,6,Other,800,1000,900
Moga,2019,December,19,Other,800,1100,950
Morinda,2019,December,2.9,Other,800,950,890
Morinda,2019,December,5,Other,800,900,850
Morinda,2019,December,5.36,Other,700,900,800
Mukerian,2019,December,11,Potato,400,600,500
Mukerian,2019,December,9.5,Potato,600,800,700
Mukerian,2019,December,9.4,Potato,600,800,700
Mukerian,2019,December,8,Potato,400,600,500
Mukerian,2019,December,10.5,Potato,400,600,500
Mukerian,2019,December,11,Potato,400,600,500
Mukerian,2019,December,11.5,Potato,400,600,500
Mukerian,2019,December,9.5,Potato,500,800,700
Mukerian,2019,December,10.2,Potato,500,800,700
Mukerian,2019,December,9.5,Potato,600,800,700
Mukerian,2019,December,11,Potato,400,600,500
Mukerian,2019,December,11.2,Potato,400,600,500
Mukerian,2019,December,12,Potato,500,700,600
Mukerian,2019,December,10.4,Potato,500,700,600
Mukerian,2019,December,12,Potato,400,600,500
Mukerian,2019,December,12,Potato,400,600,500
Mukerian,2019,December,9,Potato,400,600,500
Mukerian,2019,December,10,Potato,400,700,600
Mukerian,2019,December,10.3,Potato,400,600,500
Mukerian,2019,December,11,Potato,400,600,500
Mukerian,2019,December,0.9,Potato,400,600,500
Mukerian,2019,December,11.5,Potato,400,600,500
Mukerian,2019,December,11.2,Potato,400,600,500
Mukerian,2019,December,12,Potato,400,600,500
Mukerian(Talwara),2019,December,0.35,Potato,800,1150,900
Mukerian(Talwara),2019,December,0.32,Potato,900,1250,1000
Mukerian(Talwara),2019,December,0.28,Potato,800,1250,1000
Mukerian(Talwara),2019,December,0.32,Potato,800,1150,1000
Mukerian(Talwara),2019,December,0.32,Potato,900,1250,1100
Mukerian(Talwara),2019,December,0.28,Potato,900,1250,1100
Mukerian(Talwara),2019,December,0.35,Potato,800,1250,1000
Mukerian(Talwara),2019,December,0.28,Potato,1100,1350,1200
Mukerian(Talwara),2019,December,0.35,Potato,800,1250,1000
Mukerian(Talwara),2019,December,0.28,Potato,1000,1250,1100
Mukerian(Talwara),2019,December,0.32,Potato,800,1250,1000
Mukerian(Talwara),2019,December,0.28,Potato,900,1350,1100
Mukerian(Talwara),2019,December,0.28,Potato,1100,1450,1300
Mukerian(Talwara),2019,December,0.29,Potato,1000,1450,1200
Mukerian(Talwara),2019,December,0.3,Potato,900,1250,1100
Mukerian(Talwara),2019,December,0.29,Potato,900,1250,1000
Mukerian(Talwara),2019,December,0.32,Potato,1000,1350,1200
Mukerian(Talwara),2019,December,0.28,Potato,900,1250,1100
Mukerian(Talwara),2019,December,0.3,Potato,1000,1350,1200
Mukerian(Talwara),2019,December,0.28,Potato,900,1250,1100
Mukerian(Talwara),2019,December,0.29,Potato,1100,1350,1200
Mukerian(Talwara),2019,December,0.28,Potato,1100,1350,1200
Mukerian(Talwara),2019,December,0.29,Potato,1000,1350,1200
Mukerian(Talwara),2019,December,1,Potato,800,1200,1000
Mukerian(Talwara),2019,December,0.32,Potato,1100,1450,1200
Muktsar,2019,December,23,Kufri Giriraj,800,1000,900
Muktsar,2019,December,20,Kufri Giriraj,800,1000,900
Muktsar,2019,December,24,Kufri Giriraj,800,900,850
Muktsar,2019,December,25,Kufri Giriraj,800,1000,900
Muktsar,2019,December,14,Kufri Giriraj,700,900,800
Muktsar,2019,December,2,Kufri Giriraj,800,950,900
Muktsar,2019,December,22,,,,
Muktsar,2019,December,1.5,,,,
Muktsar,2019,December,4,,,,
Muktsar,2019,December,20.5,Kufri Giriraj,800,900,850
Muktsar,2019,December,24.5,Kufri Giriraj,800,900,850
Muktsar,2019,December,15,Kufri Giriraj,800,1000,900
Muktsar,2019,December,14,Kufri Giriraj,700,900,800
Muktsar,2019,December,20,Kufri Giriraj,800,1000,900
Muktsar,2019,December,5,Kufri Giriraj,800,1000,900
Muktsar,2019,December,14,Kufri Giriraj,700,1000,800
Muktsar,2019,December,20,Kufri Giriraj,800,1000,900
Muktsar,2019,December,15,Kufri Giriraj,900,1100,1000
Muktsar,2019,December,14,Kufri Giriraj,700,950,800
Muktsar,2019,December,20,Kufri Giriraj,800,1000,900
Muktsar,2019,December,3,Kufri Giriraj,800,1000,900
Nabha,2019,December,22.2,Other,900,1400,1200
Nabha,2019,December,16.6,Other,900,1400,1100
Nabha,2019,December,18,Other,900,1400,1100
Nabha,2019,December,16.7,Other,1000,1500,1300
Nabha,2019,December,21.9,Other,900,1500,1200
Nabha,2019,December,24.1,Other,900,1600,1300
Nabha,2019,December,18.3,Other,1000,1700,1500
Nabha,2019,December,16.3,Other,1000,1600,1400
Nabha,2019,December,17,Other,1000,1700,1400
Nabha,2019,December,12.4,Other,1000,1800,1500
Nabha,2019,December,14.7,Other,1200,2000,1700
Nabha,2019,December,14.56,Other,1200,2000,1700
Nabha,2019,December,13.9,Other,1200,2000,1800
Nabha,2019,December,11.8,Other,1200,2000,1700
Nabha,2019,December,16.7,Other,1200,2000,1700
Nabha,2019,December,17.7,Other,1200,2000,1700
Nabha,2019,December,19.8,Other,1200,2000,1700
Nabha,2019,December,19.1,,,,
Nabha,2019,December,20.8,,,,
Nabha,2019,December,26.5,Other,1100,2000,1500
Nabha,2019,December,20.5,,,,
Nabha,2019,December,25.9,Other,1000,1800,1300
Nabha,2019,December,27.9,Other,1000,1600,1300
Nabha,2019,December,23.1,Other,1000,1600,1300
Nabha,2019,December,17,Other,1000,1600,1300
Nabha,2019,December,18.3,Other,900,1600,1200
Nabha,2019,December,20.3,Other,900,1500,1200
Nabha,2019,December,26.8,Other,900,1600,1200
Nakodar,2019,December,0.4,Other,600,600,600
Nakodar,2019,December,0.2,Other,500,500,500
Nakodar,2019,December,0.3,Other,600,600,600
Nakodar,2019,December,0.5,Other,1000,1000,1000
Nakodar,2019,December,0.5,Other,1000,1000,1000
Nakodar,2019,December,0.3,Other,600,600,600
Nakodar,2019,December,0.3,Other,600,600,600
Nakodar,2019,December,0.2,Other,500,500,500
Nakodar,2019,December,0.2,Other,500,500,500
Nakodar,2019,December,0.3,Other,1000,1000,1000
Nakodar,2019,December,0.2,Other,900,900,900
Nakodar,2019,December,0.3,Other,900,900,900
Nawan Shahar(Mandi Aur),2019,December,0.05,Other,800,800,800
Nawan Shahar(Mandi Aur),2019,December,0.05,Other,1050,1050,1050
Nawan Shahar(Mandi Aur),2019,December,0.05,Other,1200,1200,1200
Nawan Shahar(MandiRaho),2019,December,0.1,Other,1000,1000,1000
,2019,December,0.1,Other,1400,1400,1400
Nawan Shahar(Subzi Mandi),2019,December,7.4,Other,700,900,825
Nawan Shahar(Subzi Mandi),2019,December,6.8,Other,500,1000,800
Nawan Shahar(Subzi Mandi),2019,December,6.8,Other,500,1000,850
Nawan Shahar(Subzi Mandi),2019,December,5.8,Other,800,1200,1050
Nawan Shahar(Subzi Mandi),2019,December,6.2,Other,800,1200,1050
Nawan Shahar(Subzi Mandi),2019,December,6.2,Other,800,1200,1050
Nawan Shahar(Subzi Mandi),2019,December,5.2,Other,800,1200,1050
Nawan Shahar(Subzi Mandi),2019,December,6,Other,800,1200,1000
Nawan Shahar(Subzi Mandi),2019,December,5.3,Other,800,1200,1050
Nawan Shahar(Subzi Mandi),2019,December,4.8,Other,800,1200,1000
Nawan Shahar(Subzi Mandi),2019,December,6,Other,800,1200,1000
Nawan Shahar(Subzi Mandi),2019,December,6,Other,800,1200,1000
Nawan Shahar(Subzi Mandi),2019,December,5.2,Other,800,1200,1050
Nawan Shahar(Subzi Mandi),2019,December,5.2,Other,800,1200,1050
Nawan Shahar(Subzi Mandi),2019,December,6.5,Other,1000,1500,1300
Nawan Shahar(Subzi Mandi),2019,December,5.2,Other,1000,1500,1200
Nawan Shahar(Subzi Mandi),2019,December,6.1,Other,1000,1400,1250
Nawan Shahar(Subzi Mandi),2019,December,6.4,Other,1000,1500,1300
Nawan Shahar(Subzi Mandi),2019,December,5.7,Other,1000,1500,1200
Nawan Shahar(Subzi Mandi),2019,December,4.8,Other,1000,1500,1300
Nawan Shahar(Subzi Mandi),2019,December,5.5,Other,1000,1500,1300
Noor Mehal,2019,December,0.15,Other,1500,1500,1500
Pathankot,2019,December,106.7,Potato,1000,1600,1200
Pathankot,2019,December,157,Potato,1300,1600,1400
Pathankot,2019,December,36.4,Potato,1000,1800,1400
Pathankot,2019,December,129.5,Potato,800,1500,1200
Pathankot,2019,December,95,Potato,1300,1500,1400
Pathankot,2019,December,50.1,Potato,1200,1400,1300
Pathankot,2019,December,211.95,Potato,1200,1600,1400
Pathankot,2019,December,122.95,Potato,1100,1500,1300
Pathankot,2019,December,143.1,Potato,1000,1400,1200
Pathankot,2019,December,131.2,Potato,900,1500,1300
Pathankot,2019,December,75.75,Potato,1000,1400,1200
Pathankot,2019,December,35.15,Potato,1200,1600,1400
Pathankot,2019,December,12,Potato,1000,1600,1200
Pathankot,2019,December,7.4,Potato,1000,1600,1200
Pathankot,2019,December,7.25,Potato,1000,1500,1200
Pathankot,2019,December,406.95,Potato,700,2000,1500
Pathankot,2019,December,200.15,Potato,800,1600,1300
Pathankot,2019,December,164.65,Potato,800,2100,1500
Pathankot,2019,December,155.6,Potato,800,1700,1250
Pathankot,2019,December,319.9,Potato,930,1400,1200
Patiala,2019,December,40,Potato,800,1100,900
Patiala,2019,December,33,Potato,900,1400,1000
Patiala,2019,December,43.5,Potato,900,1400,1000
Patiala,2019,December,41.95,Potato,900,1400,1200
Patiala,2019,December,31.4,Potato,900,1400,1200
Patiala,2019,December,10,Potato,1500,1700,1600
Patiala,2019,December,50.7,Potato,1500,1700,1600
Patiala,2019,December,29.9,Potato,1000,1500,1200
Patiala,2019,December,55.25,Potato,1000,1500,1200
Patiala,2019,December,29.5,,,,
Patiala,2019,December,27,Potato,1000,1500,1200
Patiala,2019,December,33.25,,,,
Patiala,2019,December,33.2,,,,
Patiala,2019,December,52.9,,,,
Patiala,2019,December,33.1,,,,
Patiala,2019,December,57.9,,,,
Patiala,2019,December,17.9,,,,
Patiala,2019,December,8.5,,,,
Patiala,2019,December,50,Potato,1000,1500,1200
Patiala,2019,December,48,Potato,1000,1500,1200
Patiala,2019,December,35,Potato,1000,1500,1200
Patiala,2019,December,32,Potato,1000,1500,1200
Patiala,2019,December,31,Potato,1000,1500,1200
Patiala,2019,December,28,Potato,1000,1500,1200
Patran,2019,December,12.5,Other,468,1400,500
Patran,2019,December,19.2,Other,300,1400,762
Patran,2019,December,11.7,Other,400,1400,907
Patran,2019,December,18.2,Other,300,1400,926
Patran,2019,December,12.6,Other,400,500,410
Patran,2019,December,12.5,Other,500,990,700
Patran,2019,December,13.3,Other,200,1400,1060
Patran,2019,December,15.9,Other,200,1900,1210
Patran,2019,December,14.7,Other,300,1900,1080
Patran,2019,December,10.6,Other,400,1500,1230
Patran,2019,December,7.9,Other,500,1600,1310
Patran,2019,December,10.5,Other,600,1600,1300
Patran,2019,December,13,Other,600,1700,1414
Patran,2019,December,15,Other,500,1800,1380
Patran,2019,December,12.2,Other,600,1700,1440
Patran,2019,December,18,Other,800,1700,1290
Patran,2019,December,20,Other,400,1400,1217
Patran,2019,December,19,Other,400,1300,1205
Patran,2019,December,21,Other,600,1300,1119
Patran,2019,December,0.25,Other,300,1300,890
Patran,2019,December,25,Other,200,1300,1140
Patti,2019,December,3.7,Other,600,800,700
Patti,2019,December,0.8,Other,400,500,500
Patti,2019,December,0.8,Other,500,700,600
Patti,2019,December,0.8,Other,500,600,530
Patti,2019,December,0.8,Other,500,700,600
Patti,2019,December,4.2,Other,800,1400,1200
Patti,2019,December,3.7,Other,800,1500,1200
Patti,2019,December,2,Other,500,700,600
Patti,2019,December,1.5,Other,700,1300,1100
Patti,2019,December,3.9,Other,800,1400,1200
Patti,2019,December,2.9,Other,700,1300,1000
Patti,2019,December,2.9,Other,700,1300,1100
Patti,2019,December,1,Other,500,600,500
Patti,2019,December,0.8,Other,500,600,600
Patti,2019,December,0.8,Other,400,500,500
Patti,2019,December,0.9,Other,500,600,600
Patti,2019,December,2,Other,600,800,700
Patti,2019,December,3,Other,800,1300,900
Patti,2019,December,0.5,Other,500,700,600
Patti,2019,December,0.5,Other,500,700,600
Patti,2019,December,3.5,Other,1400,1800,1600
Patti,2019,December,0.6,Other,700,800,700
Patti,2019,December,0.4,Other,500,600,600
Patti,2019,December,0.38,Other,500,700,600
Patti,2019,December,0.54,Other,400,600,500
Patti,2019,December,1,Other,400,600,500
Patti,2019,December,2.8,Other,1200,1600,1400
Patti,2019,December,3.1,Other,1200,1500,1300
Patti,2019,December,0.4,Other,500,600,500
Patti,2019,December,0.5,Other,400,600,500
Phagwara,2019,December,39,Other,600,1615,1480
Phagwara,2019,December,40.8,Other,700,1571,1200
Phagwara,2019,December,33.5,Other,800,1560,1460
Phagwara,2019,December,26.6,Other,600,1440,1350
Phagwara,2019,December,13.2,Other,600,1665,1200
Phagwara,2019,December,43.4,Other,858,2000,1570
Phagwara,2019,December,50.8,Other,700,1550,1200
Phagwara,2019,December,38.1,Other,700,1470,1245
Phagwara,2019,December,32.61,Other,752,1568,1568
Phagwara,2019,December,25.9,Other,739,1970,1600
Phagwara,2019,December,41.9,Other,807,1800,1765
Phagwara,2019,December,39.8,Other,805,1790,1500
Phagwara,2019,December,33.9,,,,
Phagwara,2019,December,35.9,Other,836,1671,1610
Phagwara,2019,December,50,Other,662,1512,1375
Phagwara,2019,December,57,Other,780,1220,1130
Phagwara,2019,December,40.4,Other,607,1288,1000
Phagwara,2019,December,32.7,Other,583,1345,1170
Phagwara,2019,December,48.3,Other,1000,1435,1423
Phagwara,2019,December,36.5,Other,526,1311,1000
Phillaur(Apra Mandi),2019,December,0.2,Other,700,800,750
Phillaur(Apra Mandi),2019,December,0.1,Other,700,900,800
Phillaur(Apra Mandi),2019,December,0.1,Other,900,1100,1000
Phillaur(Apra Mandi),2019,December,0.1,Other,900,1100,1000
Phillaur(Apra Mandi),2019,December,0.1,Other,800,1000,900
Phillaur(Apra Mandi),2019,December,0.2,Other,800,1000,900
Phillaur(Apra Mandi),2019,December,0.1,Other,700,900,800
Phillaur(Apra Mandi),2019,December,0.1,Other,1200,1400,1300
Phillaur(Apra Mandi),2019,December,0.1,Other,1400,1600,1500
Phillaur(Apra Mandi),2019,December,0.1,Other,1400,1600,1500
Phillaur(Apra Mandi),2019,December,0.05,Other,1900,2100,2000
Phillaur(Apra Mandi),2019,December,0.1,Other,1100,1300,1200
Phillaur(Apra Mandi),2019,December,0.05,Other,1700,1900,1800
Phillaur(Apra Mandi),2019,December,0.06,Other,1700,1900,1800
Phillaur(Apra Mandi),2019,December,0.05,Other,1900,2100,2000
Phillaur(Apra Mandi),2019,December,0.2,Other,1100,1300,1200
Phillaur(Apra Mandi),2019,December,0.1,Other,1200,1400,1300
Phillaur(Apra Mandi),2019,December,0.1,Other,1100,1300,1200
Phillaur(Apra Mandi),2019,December,0.1,Other,1000,1200,1100
Rajpura,2019,December,21.5,Other,500,1400,1000
Rajpura,2019,December,12.5,Other,700,1300,1000
Rajpura,2019,December,11,Other,700,1300,1000
Rajpura,2019,December,31.8,Other,800,1700,1300
Rajpura,2019,December,24.5,Other,600,1400,1000
Rajpura,2019,December,22.5,Other,600,1400,1000
Rajpura,2019,December,24,Other,600,1400,1000
Rajpura,2019,December,23.9,Other,700,1400,1050
Rajpura,2019,December,16.8,Other,1000,1600,1300
Rajpura,2019,December,11,Other,700,1400,1050
Rajpura,2019,December,21,Other,600,1500,950
Rajpura,2019,December,22.7,Other,600,1300,950
Rajpura,2019,December,23.6,Other,600,1500,1050
Rajpura,2019,December,20.05,Other,900,1700,1300
Rajpura,2019,December,14.75,Other,1300,1600,1450
Rajpura,2019,December,22.25,Other,1000,1500,1250
Rajpura,2019,December,18.2,Other,1200,1700,1450
Rajpura,2019,December,20.45,Other,1300,1800,1550
Rajpura,2019,December,21.25,Other,1300,1700,1500
Rajpura,2019,December,18.5,Other,800,1700,1300
Rajpura,2019,December,20.6,Other,1000,1400,1200
Rajpura,2019,December,21.7,Other,1300,1700,1500
Rajpura,2019,December,20,Other,600,1400,1000
Rajpura,2019,December,25.7,Other,900,1700,1300
Rajpura,2019,December,20,Other,700,1400,1050
Rajpura,2019,December,21,Other,900,1400,1150
Rajpura,2019,December,11.55,Other,800,1400,1100
Rajpura,2019,December,15.8,Other,600,1200,900
Rajpura,2019,December,38.1,Other,600,1500,1050
Rajpura,2019,December,32,Other,600,1300,950
Raman,2019,December,3,Other,1300,1500,1450
Raman,2019,December,4,Other,1300,1500,1450
Raman,2019,December,5,Other,1400,1550,1500
Raman,2019,December,6,Other,1400,1500,1480
Raman,2019,December,1.5,Other,1800,1900,1880
Raman,2019,December,7,Other,2000,2200,2150
Raman,2019,December,3,Other,1800,2000,1950
Raman,2019,December,5,Other,1900,2000,1975
Raman,2019,December,6,Other,2100,2300,2250
Raman,2019,December,3,Other,2000,2200,2150
Raman,2019,December,4,Other,1950,2000,1980
Raman,2019,December,3.5,Other,1850,2000,1950
Raman,2019,December,10,Other,1700,1900,1850
Raman,2019,December,5,Other,1700,1900,1850
Raman,2019,December,12,Other,1200,1350,1300
Raman,2019,December,15,Other,1290,1350,1325
Raman,2019,December,11,Other,1300,1400,1375
Raman,2019,December,6,Other,1350,1500,1450
Raman,2019,December,7,Other,1275,1350,1325
Raman,2019,December,12,Other,1300,1500,1450
Raman,2019,December,10,Other,1400,1500,1475
Raman,2019,December,20,Other,1250,1350,1325
Rampuraphul(Nabha Mandi),2019,December,5.85,Other,500,1400,1000
Rampuraphul(Nabha Mandi),2019,December,7.7,Other,500,1400,1000
Rampuraphul(Nabha Mandi),2019,December,7.3,Other,500,1400,700
Rampuraphul(Nabha Mandi),2019,December,6.8,Other,600,1200,800
Rampuraphul(Nabha Mandi),2019,December,5.6,Other,600,1200,800
Rampuraphul(Nabha Mandi),2019,December,6.4,Other,600,1200,800
Rampuraphul(Nabha Mandi),2019,December,8.8,Other,600,1200,1000
Rampuraphul(Nabha Mandi),2019,December,6.9,Other,600,1400,1000
Rampuraphul(Nabha Mandi),2019,December,6.6,Other,600,1200,1000
Rampuraphul(Nabha Mandi),2019,December,4.8,Other,600,1200,1000
Rampuraphul(Nabha Mandi),2019,December,3.8,Other,600,1400,1000
Rampuraphul(Nabha Mandi),2019,December,5.7,Other,600,1400,1000
Rampuraphul(Nabha Mandi),2019,December,1.3,Other,700,1600,1000
Rampuraphul(Nabha Mandi),2019,December,4.9,Other,600,1600,1000
Rampuraphul(Nabha Mandi),2019,December,11.95,Other,400,1600,1000
Rampuraphul(Nabha Mandi),2019,December,9.8,Other,600,1600,1000
Rampuraphul(Nabha Mandi),2019,December,9.4,Other,600,1400,1000
Rampuraphul(Nabha Mandi),2019,December,9.3,Other,800,1400,1000
Rampuraphul(Nabha Mandi),2019,December,8.5,Other,800,1400,1000
Rampuraphul(Nabha Mandi),2019,December,8.1,Other,800,1400,1200
Rampuraphul(Nabha Mandi),2019,December,7.2,Other,800,1300,1000
Rayya,2019,December,0.8,Other,1000,1000,1000
Rayya,2019,December,1,Other,800,800,800
Rayya,2019,December,0.5,Other,1000,1000,1000
Rayya,2019,December,0.8,Other,1000,1000,1000
Rayya,2019,December,0.5,,,,
Rayya,2019,December,1,Other,900,900,900
Rayya,2019,December,0.7,Other,900,900,900
Rayya,2019,December,1,Other,1000,1000,1000
Rayya,2019,December,0.5,Other,900,900,900
Rayya,2019,December,1.1,Other,800,800,800
Rayya,2019,December,1.2,Other,900,900,900
Rayya,2019,December,1.1,Other,900,900,900
Rayya,2019,December,1,Other,1200,1200,1200
Rayya,2019,December,0.9,Other,1500,1500,1500
Rayya,2019,December,1.2,Other,1500,1500,1500
Rayya,2019,December,1,Other,1400,1400,1400
Rayya,2019,December,0.7,Other,1400,1400,1400
Rayya,2019,December,1,Other,800,800,800
Rayya,2019,December,0.3,Other,1000,1000,1000
Rayya,2019,December,0.4,Other,1000,1000,1000
Ropar,2019,December,21.3,Other,600,1600,1200
Ropar,2019,December,30.2,Other,600,1400,1000
Ropar,2019,December,27.5,Other,2000,2500,2250
Ropar,2019,December,33.1,Other,600,1200,900
Ropar,2019,December,21.35,Other,400,1400,800
Ropar,2019,December,20.85,Other,600,1400,1000
Ropar,2019,December,25.1,Other,800,1600,1200
Ropar,2019,December,17.6,Other,600,1400,1000
Ropar,2019,December,21.75,Other,600,1600,1000
Ropar,2019,December,14.75,Other,600,1600,1000
Ropar,2019,December,27.3,Other,1200,1800,1600
Ropar,2019,December,13.65,Other,800,1800,1400
Ropar,2019,December,17.8,Other,800,2000,1400
Ropar,2019,December,16.75,Other,1000,2000,1600
Ropar,2019,December,19.25,Other,800,1600,1000
Ropar,2019,December,17.75,Other,800,1600,1000
Ropar,2019,December,28.55,Other,1000,1400,1200
Ropar,2019,December,27.2,Other,600,1200,800
Ropar,2019,December,20.8,Other,800,1200,1000
Ropar,2019,December,22.25,Other,800,1400,1200
Ropar,2019,December,19.35,Other,800,1200,1000
Ropar,2019,December,21.25,Other,1000,1200,1100
Ropar,2019,December,24.75,Other,600,1200,1000
Sahnewal,2019,December,178,Potato,1500,1500,1500
Sahnewal,2019,December,2.4,Potato,600,1600,1600
Sahnewal,2019,December,1,Potato,1500,1500,1500
Sahnewal,2019,December,3,Potato,800,1500,1500
Sahnewal,2019,December,1.5,Potato,1500,1500,1500
Sahnewal,2019,December,1.5,Potato,1600,1600,1600
Sahnewal,2019,December,1.2,Potato,1600,1600,1600
Sahnewal,2019,December,1.5,Potato,1560,1560,1560
Sahnewal,2019,December,1.3,Potato,1600,1600,1600
Sahnewal,2019,December,1.5,Potato,2000,2000,2000
Sahnewal,2019,December,3,Potato,2100,2200,2200
Sahnewal,2019,December,1.4,Potato,1900,1900,1900
Sahnewal,2019,December,3,Potato,1900,1900,1900
Sahnewal,2019,December,2,Potato,1900,1900,1900
Sahnewal,2019,December,2,Potato,1740,1740,1740
Sahnewal,2019,December,5.5,Potato,1600,1620,1620
Sahnewal,2019,December,4,Potato,1300,1340,1340
Sahnewal,2019,December,1,Potato,1400,1400,1400
Sahnewal,2019,December,1.5,Potato,1300,1300,1300
Sahnewal,2019,December,2.6,Potato,1360,1360,1360
Sahnewal,2019,December,2.5,Potato,1300,1300,1300
Sahnewal,2019,December,5,Potato,1500,1500,1500
Sahnewal,2019,December,3.5,Potato,1400,1400,1400
Sahnewal,2019,December,5.1,Potato,1410,1410,1410
Samana,2019,December,21.3,Other,650,1200,800
Samana,2019,December,22.1,Other,800,1200,1000
Samana,2019,December,20.1,Other,800,1200,1000
Samana,2019,December,18.7,Other,1000,1400,1200
Samana,2019,December,18.4,Other,1000,1600,1200
Samana,2019,December,19.8,,,,
Samrala,2019,December,9.5,Other,800,1200,1000
Samrala,2019,December,10,Other,800,1200,1000
Samrala,2019,December,7.5,Other,800,1300,1100
Samrala,2019,December,8.5,Other,800,1400,1100
Samrala,2019,December,10.5,Other,1000,1600,1200
Samrala,2019,December,10,Other,1000,1650,1300
Samrala,2019,December,16.1,Other,1000,1600,1300
Samrala,2019,December,14,Other,1200,1500,1300
Samrala,2019,December,13,Other,1100,1400,1200
Samrala,2019,December,14,Other,1000,1500,1200
Samrala,2019,December,13.5,Other,1100,1400,1200
Samrala,2019,December,9,Other,1000,1600,1300
Samrala,2019,December,10,Other,1000,1500,1200
Samrala,2019,December,14,Other,1000,1500,1200
Samrala,2019,December,12.5,Other,1200,1600,1500
Samrala,2019,December,14,Other,1200,1500,1400
Samrala,2019,December,11,Other,1000,1500,1200
Samrala,2019,December,11,Other,1200,1600,1400
Samrala,2019,December,8,Other,1200,1600,1400
Samrala,2019,December,7.5,Other,1200,1500,1300
Samrala,2019,December,7.5,Other,1200,1500,1300
Samrala,2019,December,6.5,Other,1300,1600,1400
Samrala,2019,December,8,Other,1100,1400,1200
Sangrur,2019,December,4.5,Local,1000,1500,1400
Sangrur,2019,December,10,Desi,500,500,500
Sangrur,2019,December,,Other,1000,1300,1200
Sangrur,2019,December,25.5,Local,500,900,500
Sangrur,2019,December,,Other,1300,1300,1300
Sangrur,2019,December,28.2,Local,800,800,800
Sangrur,2019,December,,Other,1400,1500,1500
Sangrur,2019,December,15.5,Local,600,600,600
Sangrur,2019,December,,Other,1400,1500,1400
Sangrur,2019,December,19.8,Local,1400,1500,1500
Sangrur,2019,December,,Other,600,600,600
Sangrur,2019,December,12,Local,700,700,700
Sangrur,2019,December,,Other,1400,1400,1400
Sangrur,2019,December,8,Desi,800,1000,1000
Sangrur,2019,December,23.5,Local,800,800,800
Sangrur,2019,December,,Other,1500,1500,1500
Sangrur,2019,December,15,Local,800,800,800
Sangrur,2019,December,,Other,1500,1500,1500
Sangrur,2019,December,17,Local,800,800,800
Sangrur,2019,December,,Other,1500,1600,1600
Sangrur,2019,December,10,Other,1700,1700,1700
Sangrur,2019,December,6.5,Other,1700,1700,1700
Sangrur,2019,December,14,Other,1600,1700,1700
Sangrur,2019,December,13,Other,1400,1700,1700
Sangrur,2019,December,12,Other,1600,1900,1700
Sangrur,2019,December,12.4,Other,1500,1900,1900
Sangrur,2019,December,14,,,,
Sangrur,2019,December,10,Other,1600,1900,1900
Sangrur,2019,December,8,Other,1800,1900,1900
Sangrur,2019,December,15,Other,1600,1800,1800
Sangrur,2019,December,12,Other,1400,1500,1500
Sangrur,2019,December,12,Other,1400,1600,1600
Sangrur,2019,December,16,Other,1400,1400,1400
Sangrur,2019,December,18,Other,1400,1500,1500
Sangrur,2019,December,11,Other,1400,1400,1400
Sangrur,2019,December,8,Other,1300,1400,1400
Sangrur,2019,December,10,Other,1200,1400,1400
Sangrur,2019,December,15.5,Local,1200,1400,1400
Sardulgarh,2019,December,1.25,Potato,1400,1600,1500
Sardulgarh,2019,December,3.5,Potato,1500,1600,1550
Sardulgarh,2019,December,1.5,Potato,1800,2000,1900
Sardulgarh,2019,December,1.7,Potato,1800,2000,1900
Shahkot,2019,December,0.3,Other,1000,1300,1200
Shahkot,2019,December,0.2,Other,500,800,600
Shahkot,2019,December,0.2,Other,700,1200,900
Sirhind,2019,December,23,Other,500,1400,900
Sirhind,2019,December,8.15,Other,800,1400,1000
Sirhind,2019,December,6,Other,800,1100,1000
Sirhind,2019,December,6.55,Other,600,1400,900
Sirhind,2019,December,8.55,Other,400,1500,1000
Sirhind,2019,December,11.4,Other,600,1400,1200
Sirhind,2019,December,11.2,Other,1000,1500,1200
Sirhind,2019,December,9.8,Other,800,1300,1200
Sirhind,2019,December,6.2,Other,800,1300,1200
Sirhind,2019,December,11.75,Other,800,1600,1200
Sirhind,2019,December,6.4,Other,1000,1800,1500
Sirhind,2019,December,16.8,Other,800,1900,1500
Sirhind,2019,December,7.55,Other,1500,1800,1600
Sirhind,2019,December,6.2,Other,1500,1800,1600
Sirhind,2019,December,8.65,Other,1000,1900,1500
Sirhind,2019,December,7.05,Other,900,1800,1500
Sirhind,2019,December,11.15,Other,800,1800,1400
Sirhind,2019,December,24.4,Other,800,1380,1200
Sirhind,2019,December,16.3,Other,1100,1380,1200
Sirhind,2019,December,9.25,Other,1000,1200,1100
Sirhind,2019,December,6.35,Other,1000,1200,1100
Sirhind,2019,December,9,,,,
Sirhind,2019,December,7.5,Other,1000,1400,1200
Sunam,2019,December,8,Potato,300,1000,500
Sunam,2019,December,9,Potato,500,1000,700
Sunam,2019,December,10,Potato,400,900,600
Sunam,2019,December,10,Potato,400,1000,600
Sunam,2019,December,9,Potato,400,1000,500
Sunam,2019,December,8,Potato,400,1000,600
Sunam,2019,December,10,Potato,500,1000,700
Sunam,2019,December,7,Potato,400,1000,600
Sunam,2019,December,7,Potato,500,1000,700
Sunam,2019,December,7,Potato,1000,1700,1500
Sunam,2019,December,7,Potato,1000,1700,1500
Sunam,2019,December,1,Potato,700,1500,1000
Sunam,2019,December,7,Potato,1000,1700,1200
Sunam,2019,December,7,Potato,1000,1700,1500
Sunam,2019,December,5,Potato,1000,1700,1500
Sunam,2019,December,1,Potato,1000,1700,1500
Sunam,2019,December,5,Potato,1000,1700,1500
Sunam,2019,December,5,Potato,1000,1700,1500
Sunam,2019,December,7,,,,
Sunam,2019,December,7,Potato,1000,1700,1500
Sunam,2019,December,5,,,,
Sunam,2019,December,5,,,,
Sunam,2019,December,4.5,Potato,1000,1700,1500
Sunam,2019,December,2.5,Potato,1000,1700,1500
Sunam,2019,December,4,Potato,1000,1700,1600
Talwandi Sabo,2019,December,0.8,Other,600,1200,800
Talwandi Sabo,2019,December,0.1,Other,600,1000,800
Talwandi Sabo,2019,December,0.2,Other,500,1500,1200
Talwandi Sabo,2019,December,2,Other,600,1800,1500
Talwandi Sabo,2019,December,1.6,Other,500,700,600
Talwandi Sabo,2019,December,1.9,Other,500,700,600
Talwandi Sabo,2019,December,1.5,Other,1200,1800,1500
Talwandi Sabo,2019,December,1.2,Other,1200,2000,1800
Talwandi Sabo,2019,December,1.3,Other,1600,2000,1800
Talwandi Sabo,2019,December,1,Other,1500,1800,1600
Talwandi Sabo,2019,December,0.1,Other,1400,1600,1500
Talwandi Sabo,2019,December,0.6,Other,1500,2000,1800
Talwandi Sabo,2019,December,0.7,Other,1400,2000,1500
Talwandi Sabo,2019,December,0.8,Other,1500,1800,1600
Tanda Urmur,2019,December,2.9,Other,1100,1500,1300
Tanda Urmur,2019,December,120,Other,1200,1400,1300
Tanda Urmur,2019,December,3,Other,1200,1300,1250
Tanda Urmur,2019,December,2.8,Other,1100,1300,1200
Tanda Urmur,2019,December,2.2,Other,1000,1300,1200
Tanda Urmur,2019,December,2.8,Other,1150,1300,1200
Tanda Urmur,2019,December,2.8,Other,1200,1400,1300
Tanda Urmur,2019,December,2.4,Other,1100,1300,1200
Tanda Urmur,2019,December,2.2,Other,800,1000,900
Tanda Urmur,2019,December,2.6,Other,1400,1600,1500
Tanda Urmur,2019,December,1.5,Other,1700,1900,1800
Tanda Urmur,2019,December,1.4,Other,1700,1900,1800
Tanda Urmur,2019,December,1.6,Other,1800,2000,1900
Tanda Urmur,2019,December,1.8,Other,1800,2000,1900
Tanda Urmur,2019,December,1.9,Other,1800,2000,1900
Tanda Urmur,2019,December,1.5,,,,
Tanda Urmur,2019,December,1.5,Other,1400,1600,1500
Tanda Urmur,2019,December,1.4,Other,1500,1700,1600
Tanda Urmur,2019,December,1.6,,,,
Tanda Urmur,2019,December,1.3,Other,1500,1700,1600
Tarantaran,2019,December,3.8,Other,800,1000,900
Tarantaran,2019,December,2.5,Other,800,1200,1000
Tarantaran,2019,December,2.5,Other,800,1200,1000
Tarantaran,2019,December,2.5,Other,900,1000,950
Tarantaran,2019,December,2.8,Other,900,1000,950
Tarantaran,2019,December,1.8,Other,900,1000,950
Tarantaran,2019,December,2.5,Other,800,1000,900
Tarantaran,2019,December,2.8,Other,800,1000,900
Tarantaran,2019,December,2.5,Other,1200,1400,1300
Tarantaran,2019,December,2.8,Other,1200,1400,1300
Tarantaran,2019,December,2.3,Other,1000,1600,1400
Tarantaran,2019,December,2.3,Other,1000,1600,1400
Tarantaran,2019,December,2.3,Other,1000,2200,1600
Tarantaran,2019,December,2.5,Other,1000,2200,1600
Tarantaran,2019,December,2.2,Other,1000,2200,1600
Tarantaran,2019,December,1.1,Other,1200,1600,1400
Tarantaran,2019,December,1.2,Other,1200,1600,1400
Tarantaran,2019,December,2,Other,1400,2000,1600
Tarantaran,2019,December,2.2,Other,1400,2000,1600
Tarantaran,2019,December,3.1,Other,1600,2000,1800
Tarantaran,2019,December,3.3,Other,1600,2000,1800
Tarantaran,2019,December,2.1,Other,1600,2000,1800
Tarantaran,2019,December,2,Other,1600,2000,1800
Tarantaran,2019,December,2.1,Other,1600,2000,1800
Tarantaran,2019,December,2.5,Other,1600,2000,1800
Tarantaran,2019,December,2.4,Other,1400,1800,1600
Tarantaran,2019,December,2.6,Other,1400,1800,1600
Tarantaran,2019,December,2.2,Other,1400,1800,1600
Tarantaran,2019,December,2.3,Other,1400,1800,1600
Tarantaran,2019,December,2.3,Other,1400,1800,1600
Tarantaran,2019,December,2.5,Other,1400,1800,1600
Zira,2019,December,1.5,Potato,1200,1800,1500
Zira,2019,December,2.2,Potato,1000,1400,1200
Zira,2019,December,2.3,Potato,1000,1500,1200
Zira,2019,December,1.8,Potato,1300,1800,1500
Zira,2019,December,2.5,Potato,1300,1800,1500
Zira,2019,December,2.3,Potato,1200,1800,1500
Zira,2019,December,2,Potato,1000,1500,1200
Zira,2019,December,2.5,Local,1000,1500,1200
Zira,2019,December,2.8,Potato,800,1200,1000
Zira,2019,December,2.7,Potato,1000,1500,1200
Zira,2019,December,2.9,Potato,800,1200,1000
Zira,2019,December,2.8,Potato,1000,1500,1200
Zira,2019,December,1.7,Potato,1200,1800,1500
Zira,2019,December,2.9,Potato,1000,1500,1200
Zira,2019,December,1.7,Potato,1200,1800,1500
Zira,2019,December,2.6,Potato,800,1200,1000
Zira,2019,December,1.5,Potato,1000,1500,1200
Zira,2019,December,1.9,Potato,800,1200,1000
Zira,2019,December,2.4,Potato,800,1200,1000
Zira,2019,December,1.8,Potato,1000,1500,1300
Zira,2019,December,2.5,Potato,1200,1500,1300
Zira,2019,December,3.1,Potato,1000,1500,1300
Zira,2019,December,2.9,Potato,1200,1600,1400
Zira,2019,December,1.8,Potato,1200,1600,1400
Zira,2019,December,2.5,Potato,1000,1500,1300
Zira,2019,December,2.7,Potato,1000,1500,1300
Zira,2019,December,1.3,Potato,1200,1500,1300
Zira,2019,December,2.2,Potato,1000,1500,1300
Zira,2019,December,2.5,Potato,1200,1500,1300
